date,no_idea,close_untreated,close
2009-01-03,00:00:00,0,0.0001
2009-01-05,00:00:00,0,0.0001
2009-01-07,00:00:00,0,0.0001
2009-01-09,00:00:00,0,0.0001
2009-01-11,00:00:00,0,0.0001
2009-01-13,00:00:00,0,0.0001
2009-01-15,00:00:00,0,0.0001
2009-01-17,00:00:00,0,0.0001
2009-01-19,00:00:00,0,0.0001
2009-01-21,00:00:00,0,0.0001
2009-01-23,00:00:00,0,0.0001
2009-01-25,00:00:00,0,0.0001
2009-01-27,00:00:00,0,0.0001
2009-01-29,00:00:00,0,0.0001
2009-01-31,00:00:00,0,0.0001
2009-02-02,00:00:00,0,0.0001
2009-02-04,00:00:00,0,0.0001
2009-02-06,00:00:00,0,0.0001
2009-02-08,00:00:00,0,0.0001
2009-02-10,00:00:00,0,0.0001
2009-02-12,00:00:00,0,0.0001
2009-02-14,00:00:00,0,0.0001
2009-02-16,00:00:00,0,0.0001
2009-02-18,00:00:00,0,0.0001
2009-02-20,00:00:00,0,0.0001
2009-02-22,00:00:00,0,0.0001
2009-02-24,00:00:00,0,0.0001
2009-02-26,00:00:00,0,0.0001
2009-02-28,00:00:00,0,0.0001
2009-03-02,00:00:00,0,0.0001
2009-03-04,00:00:00,0,0.0001
2009-03-06,00:00:00,0,0.0001
2009-03-08,00:00:00,0,0.0001
2009-03-10,00:00:00,0,0.0001
2009-03-12,00:00:00,0,0.0001
2009-03-14,00:00:00,0,0.0001
2009-03-16,00:00:00,0,0.0001
2009-03-18,00:00:00,0,0.0001
2009-03-20,00:00:00,0,0.0001
2009-03-22,00:00:00,0,0.0001
2009-03-24,00:00:00,0,0.0001
2009-03-26,00:00:00,0,0.0001
2009-03-28,00:00:00,0,0.0001
2009-03-30,00:00:00,0,0.0001
2009-04-01,00:00:00,0,0.0001
2009-04-03,00:00:00,0,0.0001
2009-04-05,00:00:00,0,0.0001
2009-04-07,00:00:00,0,0.0001
2009-04-09,00:00:00,0,0.0001
2009-04-11,00:00:00,0,0.0001
2009-04-13,00:00:00,0,0.0001
2009-04-15,00:00:00,0,0.0001
2009-04-17,00:00:00,0,0.0001
2009-04-19,00:00:00,0,0.0001
2009-04-21,00:00:00,0,0.0001
2009-04-23,00:00:00,0,0.0001
2009-04-25,00:00:00,0,0.0001
2009-04-27,00:00:00,0,0.0001
2009-04-29,00:00:00,0,0.0001
2009-05-01,00:00:00,0,0.0001
2009-05-03,00:00:00,0,0.0001
2009-05-05,00:00:00,0,0.0001
2009-05-07,00:00:00,0,0.0001
2009-05-09,00:00:00,0,0.0001
2009-05-11,00:00:00,0,0.0001
2009-05-13,00:00:00,0,0.0001
2009-05-15,00:00:00,0,0.0001
2009-05-17,00:00:00,0,0.0001
2009-05-19,00:00:00,0,0.0001
2009-05-21,00:00:00,0,0.0001
2009-05-23,00:00:00,0,0.0001
2009-05-25,00:00:00,0,0.0001
2009-05-27,00:00:00,0,0.0001
2009-05-29,00:00:00,0,0.0001
2009-05-31,00:00:00,0,0.0001
2009-06-02,00:00:00,0,0.0001
2009-06-04,00:00:00,0,0.0001
2009-06-06,00:00:00,0,0.0001
2009-06-08,00:00:00,0,0.0001
2009-06-10,00:00:00,0,0.0001
2009-06-12,00:00:00,0,0.0001
2009-06-14,00:00:00,0,0.0001
2009-06-16,00:00:00,0,0.0001
2009-06-18,00:00:00,0,0.0001
2009-06-20,00:00:00,0,0.0001
2009-06-22,00:00:00,0,0.0001
2009-06-24,00:00:00,0,0.0001
2009-06-26,00:00:00,0,0.0001
2009-06-28,00:00:00,0,0.0001
2009-06-30,00:00:00,0,0.0001
2009-07-02,00:00:00,0,0.0001
2009-07-04,00:00:00,0,0.0001
2009-07-06,00:00:00,0,0.0001
2009-07-08,00:00:00,0,0.0001
2009-07-10,00:00:00,0,0.0001
2009-07-12,00:00:00,0,0.0001
2009-07-14,00:00:00,0,0.0001
2009-07-16,00:00:00,0,0.0001
2009-07-18,00:00:00,0,0.0001
2009-07-20,00:00:00,0,0.0001
2009-07-22,00:00:00,0,0.0001
2009-07-24,00:00:00,0,0.0001
2009-07-26,00:00:00,0,0.0001
2009-07-28,00:00:00,0,0.0001
2009-07-30,00:00:00,0,0.0001
2009-08-01,00:00:00,0,0.0001
2009-08-03,00:00:00,0,0.0001
2009-08-05,00:00:00,0,0.0001
2009-08-07,00:00:00,0,0.0001
2009-08-09,00:00:00,0,0.0001
2009-08-11,00:00:00,0,0.0001
2009-08-13,00:00:00,0,0.0001
2009-08-15,00:00:00,0,0.0001
2009-08-17,00:00:00,0,0.0001
2009-08-19,00:00:00,0,0.0001
2009-08-21,00:00:00,0,0.0001
2009-08-23,00:00:00,0,0.0001
2009-08-25,00:00:00,0,0.0001
2009-08-27,00:00:00,0,0.0001
2009-08-29,00:00:00,0,0.0001
2009-08-31,00:00:00,0,0.0001
2009-09-02,00:00:00,0,0.0001
2009-09-04,00:00:00,0,0.0001
2009-09-06,00:00:00,0,0.0001
2009-09-08,00:00:00,0,0.0001
2009-09-10,00:00:00,0,0.0001
2009-09-12,00:00:00,0,0.0001
2009-09-14,00:00:00,0,0.0001
2009-09-16,00:00:00,0,0.0001
2009-09-18,00:00:00,0,0.0001
2009-09-20,00:00:00,0,0.0001
2009-09-22,00:00:00,0,0.0001
2009-09-24,00:00:00,0,0.0001
2009-09-26,00:00:00,0,0.0001
2009-09-28,00:00:00,0,0.0001
2009-09-30,00:00:00,0,0.0001
2009-10-02,00:00:00,0,0.0001
2009-10-04,00:00:00,0,0.0001
2009-10-06,00:00:00,0,0.0001
2009-10-08,00:00:00,0,0.0001
2009-10-10,00:00:00,0,0.0001
2009-10-12,00:00:00,0,0.0001
2009-10-14,00:00:00,0,0.0001
2009-10-16,00:00:00,0,0.0001
2009-10-18,00:00:00,0,0.0001
2009-10-20,00:00:00,0,0.0001
2009-10-22,00:00:00,0,0.0001
2009-10-24,00:00:00,0,0.0001
2009-10-26,00:00:00,0,0.0001
2009-10-28,00:00:00,0,0.0001
2009-10-30,00:00:00,0,0.0001
2009-11-01,00:00:00,0,0.0001
2009-11-03,00:00:00,0,0.0001
2009-11-05,00:00:00,0,0.0001
2009-11-07,00:00:00,0,0.0001
2009-11-09,00:00:00,0,0.0001
2009-11-11,00:00:00,0,0.0001
2009-11-13,00:00:00,0,0.0001
2009-11-15,00:00:00,0,0.0001
2009-11-17,00:00:00,0,0.0001
2009-11-19,00:00:00,0,0.0001
2009-11-21,00:00:00,0,0.0001
2009-11-23,00:00:00,0,0.0001
2009-11-25,00:00:00,0,0.0001
2009-11-27,00:00:00,0,0.0001
2009-11-29,00:00:00,0,0.0001
2009-12-01,00:00:00,0,0.0001
2009-12-03,00:00:00,0,0.0001
2009-12-05,00:00:00,0,0.0001
2009-12-07,00:00:00,0,0.0001
2009-12-09,00:00:00,0,0.0001
2009-12-11,00:00:00,0,0.0001
2009-12-13,00:00:00,0,0.0001
2009-12-15,00:00:00,0,0.0001
2009-12-17,00:00:00,0,0.0001
2009-12-19,00:00:00,0,0.0001
2009-12-21,00:00:00,0,0.0001
2009-12-23,00:00:00,0,0.0001
2009-12-25,00:00:00,0,0.0001
2009-12-27,00:00:00,0,0.0001
2009-12-29,00:00:00,0,0.0001
2009-12-31,00:00:00,0,0.0001
2010-01-02,00:00:00,0,0.0001
2010-01-04,00:00:00,0,0.0001
2010-01-06,00:00:00,0,0.0001
2010-01-08,00:00:00,0,0.0001
2010-01-10,00:00:00,0,0.0001
2010-01-12,00:00:00,0,0.0001
2010-01-14,00:00:00,0,0.0001
2010-01-16,00:00:00,0,0.0001
2010-01-18,00:00:00,0,0.0001
2010-01-20,00:00:00,0,0.0001
2010-01-22,00:00:00,0,0.0001
2010-01-24,00:00:00,0,0.0001
2010-01-26,00:00:00,0,0.0001
2010-01-28,00:00:00,0,0.0001
2010-01-30,00:00:00,0,0.0001
2010-02-01,00:00:00,0,0.0001
2010-02-03,00:00:00,0,0.0001
2010-02-05,00:00:00,0,0.0001
2010-02-07,00:00:00,0,0.0001
2010-02-09,00:00:00,0,0.0001
2010-02-11,00:00:00,0,0.0001
2010-02-13,00:00:00,0,0.0001
2010-02-15,00:00:00,0,0.0001
2010-02-17,00:00:00,0,0.0001
2010-02-19,00:00:00,0,0.0001
2010-02-21,00:00:00,0,0.0001
2010-02-23,00:00:00,0,0.0001
2010-02-25,00:00:00,0,0.0001
2010-02-27,00:00:00,0,0.0001
2010-03-01,00:00:00,0,0.0001
2010-03-03,00:00:00,0,0.0001
2010-03-05,00:00:00,0,0.0001
2010-03-07,00:00:00,0,0.0001
2010-03-09,00:00:00,0,0.0001
2010-03-11,00:00:00,0,0.0001
2010-03-13,00:00:00,0,0.0001
2010-03-15,00:00:00,0,0.0001
2010-03-17,00:00:00,0,0.0001
2010-03-19,00:00:00,0,0.0001
2010-03-21,00:00:00,0,0.0001
2010-03-23,00:00:00,0,0.0001
2010-03-25,00:00:00,0,0.0001
2010-03-27,00:00:00,0,0.0001
2010-03-29,00:00:00,0,0.0001
2010-03-31,00:00:00,0,0.0001
2010-04-02,00:00:00,0,0.0001
2010-04-04,00:00:00,0,0.0001
2010-04-06,00:00:00,0,0.0001
2010-04-08,00:00:00,0,0.0001
2010-04-10,00:00:00,0,0.0001
2010-04-12,00:00:00,0,0.0001
2010-04-14,00:00:00,0,0.0001
2010-04-16,00:00:00,0,0.0001
2010-04-18,00:00:00,0,0.0001
2010-04-20,00:00:00,0,0.0001
2010-04-22,00:00:00,0,0.0001
2010-04-24,00:00:00,0,0.0001
2010-04-26,00:00:00,0,0.0001
2010-04-28,00:00:00,0,0.0001
2010-04-30,00:00:00,0,0.0001
2010-05-02,00:00:00,0,0.0001
2010-05-04,00:00:00,0,0.0001
2010-05-06,00:00:00,0,0.0001
2010-05-08,00:00:00,0,0.0001
2010-05-10,00:00:00,0,0.0001
2010-05-12,00:00:00,0,0.0001
2010-05-14,00:00:00,0,0.0001
2010-05-16,00:00:00,0,0.0001
2010-05-18,00:00:00,0,0.0001
2010-05-20,00:00:00,0,0.0001
2010-05-22,00:00:00,0,0.0001
2010-05-24,00:00:00,0,0.0001
2010-05-26,00:00:00,0,0.0001
2010-05-28,00:00:00,0,0.0001
2010-05-30,00:00:00,0,0.0001
2010-06-01,00:00:00,0,0.0001
2010-06-03,00:00:00,0,0.0001
2010-06-05,00:00:00,0,0.0001
2010-06-07,00:00:00,0,0.0001
2010-06-09,00:00:00,0,0.0001
2010-06-11,00:00:00,0,0.0001
2010-06-13,00:00:00,0,0.0001
2010-06-15,00:00:00,0,0.0001
2010-06-17,00:00:00,0,0.0001
2010-06-19,00:00:00,0,0.0001
2010-06-21,00:00:00,0,0.0001
2010-06-23,00:00:00,0,0.0001
2010-06-25,00:00:00,0,0.0001
2010-06-27,00:00:00,0,0.0001
2010-06-29,00:00:00,0,0.0001
2010-07-01,00:00:00,0,0.0001
2010-07-03,00:00:00,0,0.0001
2010-07-05,00:00:00,0,0.0001
2010-07-07,00:00:00,0,0.0001
2010-07-09,00:00:00,0,0.0001
2010-07-11,00:00:00,0,0.0001
2010-07-13,00:00:00,0,0.0001
2010-07-15,00:00:00,0,0.0001
2010-07-17,00:00:00,0,0.0001
2010-07-19,00:00:00,0,0.0001
2010-07-21,00:00:00,0,0.0001
2010-07-23,00:00:00,0,0.0001
2010-07-25,00:00:00,0,0.0001
2010-07-27,00:00:00,0,0.0001
2010-07-29,00:00:00,0,0.0001
2010-07-31,00:00:00,0,0.0001
2010-08-02,00:00:00,0,0.0001
2010-08-04,00:00:00,0,0.0001
2010-08-06,00:00:00,0,0.0001
2010-08-08,00:00:00,0,0.0001
2010-08-10,00:00:00,0,0.0001
2010-08-12,00:00:00,0,0.0001
2010-08-14,00:00:00,0,0.0001
2010-08-16,00:00:00,0,0.0001
2010-08-18,00:00:00,0.074,0.074
2010-08-20,00:00:00,0.0667,0.0667
2010-08-22,00:00:00,0.0664,0.0664
2010-08-24,00:00:00,0.066889,0.066889
2010-08-26,00:00:00,0.066499,0.066499
2010-08-28,00:00:00,0.065,0.065
2010-08-30,00:00:00,0.069,0.069
2010-09-01,00:00:00,0.0649,0.0649
2010-09-03,00:00:00,0.0634,0.0634
2010-09-05,00:00:00,0.0629,0.0629
2010-09-07,00:00:00,0.06185,0.06185
2010-09-09,00:00:00,0.0624,0.0624
2010-09-11,00:00:00,0.062,0.062
2010-09-13,00:00:00,0.06201,0.06201
2010-09-15,00:00:00,0.175,0.175
2010-09-17,00:00:00,0.0609,0.0609
2010-09-19,00:00:00,0.062599,0.062599
2010-09-21,00:00:00,0.0633,0.0633
2010-09-23,00:00:00,0.063,0.063
2010-09-25,00:00:00,0.0624,0.0624
2010-09-27,00:00:00,0.062206,0.062206
2010-09-29,00:00:00,0.06219,0.06219
2010-10-01,00:00:00,0.061999,0.061999
2010-10-03,00:00:00,0.0614,0.0614
2010-10-05,00:00:00,0.06301,0.06301
2010-10-07,00:00:00,0.0638,0.0638
2010-10-09,00:00:00,0.12001,0.12001
2010-10-11,00:00:00,0.1301,0.1301
2010-10-13,00:00:00,0.095,0.095
2010-10-15,00:00:00,0.119,0.119
2010-10-17,00:00:00,0.1045,0.1045
2010-10-19,00:00:00,0.1024,0.1024
2010-10-21,00:00:00,0.109,0.109
2010-10-23,00:00:00,0.10901,0.10901
2010-10-25,00:00:00,0.15,0.15
2010-10-27,00:00:00,0.19,0.19
2010-10-29,00:00:00,0.191,0.191
2010-10-31,00:00:00,0.199,0.199
2010-11-02,00:00:00,0.1955,0.1955
2010-11-04,00:00:00,0.23601,0.23601
2010-11-06,00:00:00,0.29,0.29
2010-11-08,00:00:00,0.37,0.37
2010-11-10,00:00:00,0.2667,0.2667
2010-11-12,00:00:00,0.251,0.251
2010-11-14,00:00:00,0.299,0.299
2010-11-16,00:00:00,0.2827,0.2827
2010-11-18,00:00:00,0.289999,0.289999
2010-11-20,00:00:00,0.289,0.289
2010-11-22,00:00:00,0.282,0.282
2010-11-24,00:00:00,0.28299,0.28299
2010-11-26,00:00:00,0.289,0.289
2010-11-28,00:00:00,0.28461,0.28461
2010-11-30,00:00:00,0.275,0.275
2010-12-02,00:00:00,0.25,0.25
2010-12-04,00:00:00,0.2589,0.2589
2010-12-06,00:00:00,0.225,0.225
2010-12-08,00:00:00,0.2477,0.2477
2010-12-10,00:00:00,0.204,0.204
2010-12-12,00:00:00,0.228,0.228
2010-12-14,00:00:00,0.23,0.23
2010-12-16,00:00:00,0.2459,0.2459
2010-12-18,00:00:00,0.249,0.249
2010-12-20,00:00:00,0.275,0.275
2010-12-22,00:00:00,0.267,0.267
2010-12-24,00:00:00,0.25,0.25
2010-12-26,00:00:00,0.269999,0.269999
2010-12-28,00:00:00,0.28,0.28
2010-12-30,00:00:00,0.299999,0.299999
2011-01-01,00:00:00,0.299998,0.299998
2011-01-03,00:00:00,0.299998,0.299998
2011-01-05,00:00:00,0.298998,0.298998
2011-01-07,00:00:00,0.322,0.322
2011-01-09,00:00:00,0.322998,0.322998
2011-01-11,00:00:00,0.329,0.329
2011-01-13,00:00:00,0.405,0.405
2011-01-15,00:00:00,0.4,0.4
2011-01-17,00:00:00,0.4,0.4
2011-01-19,00:00:00,0.3401,0.3401
2011-01-21,00:00:00,0.44,0.44
2011-01-23,00:00:00,0.4443,0.4443
2011-01-25,00:00:00,0.425,0.425
2011-01-27,00:00:00,0.4174,0.4174
2011-01-29,00:00:00,0.446,0.446
2011-01-31,00:00:00,0.5,0.5
2011-02-02,00:00:00,0.840099,0.840099
2011-02-04,00:00:00,0.88,0.88
2011-02-06,00:00:00,0.92,0.92
2011-02-08,00:00:00,0.9,0.9
2011-02-10,00:00:00,1.1,1.1
2011-02-12,00:00:00,1.0899,1.0899
2011-02-14,00:00:00,1.08,1.08
2011-02-16,00:00:00,1.05019,1.05019
2011-02-18,00:00:00,1.05019,1.05019
2011-02-20,00:00:00,0.954896,0.954896
2011-02-22,00:00:00,0.869499,0.869499
2011-02-24,00:00:00,0.9499,0.9499
2011-02-26,00:00:00,0.988567,0.988567
2011-02-28,00:00:00,0.949231,0.949231
2011-03-02,00:00:00,0.9498,0.9498
2011-03-04,00:00:00,0.9392,0.9392
2011-03-06,00:00:00,0.910445,0.910445
2011-03-08,00:00:00,0.9072,0.9072
2011-03-10,00:00:00,0.87,0.87
2011-03-12,00:00:00,0.9197,0.9197
2011-03-14,00:00:00,0.9,0.9
2011-03-16,00:00:00,0.89,0.89
2011-03-18,00:00:00,0.850617,0.850617
2011-03-20,00:00:00,0.79,0.79
2011-03-22,00:00:00,0.799646,0.799646
2011-03-24,00:00:00,0.9,0.9
2011-03-26,00:00:00,0.905,0.905
2011-03-28,00:00:00,0.8575,0.8575
2011-03-30,00:00:00,0.795,0.795
2011-04-01,00:00:00,0.79997,0.79997
2011-04-03,00:00:00,0.7998,0.7998
2011-04-05,00:00:00,0.71,0.71
2011-04-07,00:00:00,0.7677,0.7677
2011-04-09,00:00:00,0.7676,0.7676
2011-04-11,00:00:00,0.781,0.781
2011-04-13,00:00:00,1,1
2011-04-15,00:00:00,1.08999,1.08999
2011-04-17,00:00:00,1.085,1.085
2011-04-19,00:00:00,1.19,1.19
2011-04-21,00:00:00,1.1979,1.1979
2011-04-23,00:00:00,1.549,1.549
2011-04-25,00:00:00,1.701,1.701
2011-04-27,00:00:00,1.95,1.95
2011-04-29,00:00:00,2.7,2.7
2011-05-01,00:00:00,4.09,4.09
2011-05-03,00:00:00,3.49,3.49
2011-05-05,00:00:00,3.5,3.5
2011-05-07,00:00:00,3.7,3.7
2011-05-09,00:00:00,3.937,3.937
2011-05-11,00:00:00,6.065,6.065
2011-05-13,00:00:00,8.45,8.45
2011-05-15,00:00:00,8.55,8.55
2011-05-17,00:00:00,8.38901,8.38901
2011-05-19,00:00:00,7.34,7.34
2011-05-21,00:00:00,6.6036,6.6036
2011-05-23,00:00:00,7.45,7.45
2011-05-25,00:00:00,7.51,7.51
2011-05-27,00:00:00,8.92,8.92
2011-05-29,00:00:00,8.4992,8.4992
2011-05-31,00:00:00,9.4998,9.4998
2011-06-02,00:00:00,10.57,10.57
2011-06-04,00:00:00,17.41,17.41
2011-06-06,00:00:00,19.23,19.23
2011-06-08,00:00:00,31.9099,31.9099
2011-06-10,00:00:00,35,35
2011-06-12,00:00:00,24.99,24.99
2011-06-14,00:00:00,20.99,20.99
2011-06-16,00:00:00,19.96,19.96
2011-06-18,00:00:00,17.2,17.2
2011-06-20,00:00:00,17.35,17.35
2011-06-22,00:00:00,15.05,15.05
2011-06-24,00:00:00,16.7501,16.7501
2011-06-26,00:00:00,17.51001,17.51001
2011-06-28,00:00:00,17.52,17.52
2011-06-30,00:00:00,17.5,17.5
2011-07-02,00:00:00,16.49,16.49
2011-07-04,00:00:00,15.85,15.85
2011-07-06,00:00:00,16.5,16.5
2011-07-08,00:00:00,15.64276,15.64276
2011-07-10,00:00:00,15.68,15.68
2011-07-12,00:00:00,14.63988,14.63988
2011-07-14,00:00:00,14.1,14.1
2011-07-16,00:00:00,14.1,14.1
2011-07-18,00:00:00,13.6901,13.6901
2011-07-20,00:00:00,14.04,14.04
2011-07-22,00:00:00,13.9389,13.9389
2011-07-24,00:00:00,13.979999,13.979999
2011-07-26,00:00:00,14.4,14.4
2011-07-28,00:00:00,14,14
2011-07-30,00:00:00,13.8,13.8
2011-08-01,00:00:00,13.5501,13.5501
2011-08-03,00:00:00,13.1,13.1
2011-08-05,00:00:00,11.55,11.55
2011-08-07,00:00:00,9.8,9.8
2011-08-09,00:00:00,12.1,12.1
2011-08-11,00:00:00,10.4959,10.4959
2011-08-13,00:00:00,10.05,10.05
2011-08-15,00:00:00,11.89,11.89
2011-08-17,00:00:00,11.3,11.3
2011-08-19,00:00:00,11.81,11.81
2011-08-21,00:00:00,11.59,11.59
2011-08-23,00:00:00,11.49,11.49
2011-08-25,00:00:00,10.96554,10.96554
2011-08-27,00:00:00,9.11,9.11
2011-08-29,00:00:00,9.4811,9.4811
2011-08-31,00:00:00,9,9
2011-09-02,00:00:00,8.4989,8.4989
2011-09-04,00:00:00,8.5939999988,8.5939999988
2011-09-06,00:00:00,7.65713,7.65713
2011-09-08,00:00:00,7.31509,7.31509
2011-09-10,00:00:00,6.2089200002,6.2089200002
2011-09-12,00:00:00,7.081,7.081
2011-09-14,00:00:00,5.9900000009,5.9900000009
2011-09-16,00:00:00,5.23,5.23
2011-09-18,00:00:00,5,5
2011-09-20,00:00:00,6.795,6.795
2011-09-22,00:00:00,5.83001,5.83001
2011-09-24,00:00:00,5.66,5.66
2011-09-26,00:00:00,5.46014,5.46014
2011-09-28,00:00:00,4.989,4.989
2011-09-30,00:00:00,5.35,5.35
2011-10-02,00:00:00,5.16,5.16
2011-10-04,00:00:00,5.03,5.03
2011-10-06,00:00:00,4.93,4.93
2011-10-08,00:00:00,4.594,4.594
2011-10-10,00:00:00,4.25937,4.25937
2011-10-12,00:00:00,4.20612,4.20612
2011-10-14,00:00:00,4.11455,4.11455
2011-10-16,00:00:00,3.9009000002,3.9009000002
2011-10-18,00:00:00,2.9,2.9
2011-10-20,00:00:00,2.42,2.42
2011-10-22,00:00:00,3.3,3.3
2011-10-24,00:00:00,3.2,3.2
2011-10-26,00:00:00,2.876,2.876
2011-10-28,00:00:00,3.255,3.255
2011-10-30,00:00:00,3.65026,3.65026
2011-11-01,00:00:00,3.35,3.35
2011-11-03,00:00:00,3.299,3.299
2011-11-05,00:00:00,3.21,3.21
2011-11-07,00:00:00,3.0289,3.0289
2011-11-09,00:00:00,3.114,3.114
2011-11-11,00:00:00,3,3
2011-11-13,00:00:00,3.099,3.099
2011-11-15,00:00:00,2.69,2.69
2011-11-17,00:00:00,2.60031,2.60031
2011-11-19,00:00:00,2.3,2.3
2011-11-21,00:00:00,2.29,2.29
2011-11-23,00:00:00,2.38,2.38
2011-11-25,00:00:00,2.56,2.56
2011-11-27,00:00:00,2.4965,2.4965
2011-11-29,00:00:00,2.981,2.981
2011-12-01,00:00:00,3.14,3.14
2011-12-03,00:00:00,3.12999,3.12999
2011-12-05,00:00:00,2.93,2.93
2011-12-07,00:00:00,3.082,3.082
2011-12-09,00:00:00,3.039,3.039
2011-12-11,00:00:00,3.38,3.38
2011-12-13,00:00:00,3.3,3.3
2011-12-15,00:00:00,3.1933,3.1933
2011-12-17,00:00:00,3.23,3.23
2011-12-19,00:00:00,3.70036,3.70036
2011-12-21,00:00:00,4.11,4.11
2011-12-23,00:00:00,3.95,3.95
2011-12-25,00:00:00,4.3897,4.3897
2011-12-27,00:00:00,4.06,4.06
2011-12-29,00:00:00,4.33,4.33
2011-12-31,00:00:00,4.995,4.995
2012-01-02,00:00:00,5.4999,5.4999
2012-01-04,00:00:00,5.6063,5.6063
2012-01-06,00:00:00,7.22,7.22
2012-01-08,00:00:00,7.2,7.2
2012-01-10,00:00:00,6.89,6.89
2012-01-12,00:00:00,6.997,6.997
2012-01-14,00:00:00,6.75,6.75
2012-01-16,00:00:00,7.18888,7.18888
2012-01-18,00:00:00,6.95,6.95
2012-01-20,00:00:00,6.58,6.58
2012-01-22,00:00:00,6.39,6.39
2012-01-24,00:00:00,6.515,6.515
2012-01-26,00:00:00,6.2,6.2
2012-01-28,00:00:00,5.74815,5.74815
2012-01-30,00:00:00,5.6,5.6
2012-02-01,00:00:00,5.638,5.638
2012-02-03,00:00:00,6.148,6.148
2012-02-05,00:00:00,5.9625,5.9625
2012-02-07,00:00:00,5.70999,5.70999
2012-02-09,00:00:00,5.8,5.8
2012-02-11,00:00:00,6,6
2012-02-13,00:00:00,5.72,5.72
2012-02-15,00:00:00,4.88,4.88
2012-02-17,00:00:00,4.76998,4.76998
2012-02-19,00:00:00,4.33333,4.33333
2012-02-21,00:00:00,4.4354,4.4354
2012-02-23,00:00:00,4.92481,4.92481
2012-02-25,00:00:00,5.07,5.07
2012-02-27,00:00:00,5.1,5.1
2012-02-29,00:00:00,4.9,4.9
2012-03-02,00:00:00,4.98888,4.98888
2012-03-04,00:00:00,4.9,4.9
2012-03-06,00:00:00,5.05,5.05
2012-03-08,00:00:00,5,5
2012-03-10,00:00:00,4.94,4.94
2012-03-12,00:00:00,4.95915,4.95915
2012-03-14,00:00:00,5.4444,5.4444
2012-03-16,00:00:00,5.4,5.4
2012-03-18,00:00:00,5.37998,5.37998
2012-03-20,00:00:00,4.98,4.98
2012-03-22,00:00:00,4.88,4.88
2012-03-24,00:00:00,4.74896,4.74896
2012-03-26,00:00:00,4.73793,4.73793
2012-03-28,00:00:00,4.84592,4.84592
2012-03-30,00:00:00,4.83,4.83
2012-04-01,00:00:00,4.929,4.929
2012-04-03,00:00:00,5.01,5.01
2012-04-05,00:00:00,4.94486,4.94486
2012-04-07,00:00:00,4.98,4.98
2012-04-09,00:00:00,4.8,4.8
2012-04-11,00:00:00,4.8941,4.8941
2012-04-13,00:00:00,4.94464,4.94464
2012-04-15,00:00:00,4.98389,4.98389
2012-04-17,00:00:00,5.02207,5.02207
2012-04-19,00:00:00,5.19,5.19
2012-04-21,00:00:00,5.48,5.48
2012-04-23,00:00:00,5.21799,5.21799
2012-04-25,00:00:00,5.16,5.16
2012-04-27,00:00:00,5.1372,5.1372
2012-04-29,00:00:00,5.0184,5.0184
2012-05-01,00:00:00,5,5
2012-05-03,00:00:00,5.184,5.184
2012-05-05,00:00:00,5.1495,5.1495
2012-05-07,00:00:00,5.0947,5.0947
2012-05-09,00:00:00,5.09609,5.09609
2012-05-11,00:00:00,5.03188,5.03188
2012-05-13,00:00:00,4.99888,4.99888
2012-05-15,00:00:00,5.09,5.09
2012-05-17,00:00:00,5.1345,5.1345
2012-05-19,00:00:00,5.14291,5.14291
2012-05-21,00:00:00,5.1475,5.1475
2012-05-23,00:00:00,5.16,5.16
2012-05-25,00:00:00,5.15,5.15
2012-05-27,00:00:00,5.148,5.148
2012-05-29,00:00:00,5.15889,5.15889
2012-05-31,00:00:00,5.19,5.19
2012-06-02,00:00:00,5.279,5.279
2012-06-04,00:00:00,5.2785,5.2785
2012-06-06,00:00:00,5.47,5.47
2012-06-08,00:00:00,5.66,5.66
2012-06-10,00:00:00,5.62,5.62
2012-06-12,00:00:00,5.7,5.7
2012-06-14,00:00:00,5.95,5.95
2012-06-16,00:00:00,6.599,6.599
2012-06-18,00:00:00,6.4668,6.4668
2012-06-20,00:00:00,6.64999,6.64999
2012-06-22,00:00:00,6.79962,6.79962
2012-06-24,00:00:00,6.5915,6.5915
2012-06-26,00:00:00,6.4514,6.4514
2012-06-28,00:00:00,6.66897,6.66897
2012-06-30,00:00:00,6.693,6.693
2012-07-02,00:00:00,6.75,6.75
2012-07-04,00:00:00,6.55,6.55
2012-07-06,00:00:00,6.73449,6.73449
2012-07-08,00:00:00,6.87,6.87
2012-07-10,00:00:00,7.239,7.239
2012-07-12,00:00:00,7.32,7.32
2012-07-14,00:00:00,7.68891,7.68891
2012-07-16,00:00:00,8.2899,8.2899
2012-07-18,00:00:00,9.39899,9.39899
2012-07-20,00:00:00,9.23355,9.23355
2012-07-22,00:00:00,9,9
2012-07-24,00:00:00,8.96,8.96
2012-07-26,00:00:00,8.9,8.9
2012-07-28,00:00:00,8.93,8.93
2012-07-30,00:00:00,9.15,9.15
2012-08-01,00:00:00,9.54,9.54
2012-08-03,00:00:00,11.1188,11.1188
2012-08-05,00:00:00,11.1869,11.1869
2012-08-07,00:00:00,11.04,11.04
2012-08-09,00:00:00,12,12
2012-08-11,00:00:00,11.59788,11.59788
2012-08-13,00:00:00,11.86999,11.86999
2012-08-15,00:00:00,12.67,12.67
2012-08-17,00:00:00,15.4,15.4
2012-08-19,00:00:00,12,12
2012-08-21,00:00:00,10.29999,10.29999
2012-08-23,00:00:00,10.25,10.25
2012-08-25,00:00:00,10.25,10.25
2012-08-27,00:00:00,12.14999,12.14999
2012-08-29,00:00:00,11.20999,11.20999
2012-08-31,00:00:00,10.8359,10.8359
2012-09-02,00:00:00,10.18999,10.18999
2012-09-04,00:00:00,10.5934,10.5934
2012-09-06,00:00:00,11.17,11.17
2012-09-08,00:00:00,11.21,11.21
2012-09-10,00:00:00,11.127,11.127
2012-09-12,00:00:00,11.3789,11.3789
2012-09-14,00:00:00,11.75,11.75
2012-09-16,00:00:00,11.99,11.99
2012-09-18,00:00:00,12.09,12.09
2012-09-20,00:00:00,12.68666,12.68666
2012-09-22,00:00:00,12.4433,12.4433
2012-09-24,00:00:00,12.29888,12.29888
2012-09-26,00:00:00,12.28,12.28
2012-09-28,00:00:00,12.444,12.444
2012-09-30,00:00:00,12.47499,12.47499
2012-10-02,00:00:00,12.88,12.88
2012-10-04,00:00:00,13.0899,13.0899
2012-10-06,00:00:00,12.89999,12.89999
2012-10-08,00:00:00,12.08,12.08
2012-10-10,00:00:00,12.15,12.15
2012-10-12,00:00:00,12.15,12.15
2012-10-14,00:00:00,12,12
2012-10-16,00:00:00,11.99,11.99
2012-10-18,00:00:00,11.95998,11.95998
2012-10-20,00:00:00,11.85,11.85
2012-10-22,00:00:00,11.81,11.81
2012-10-24,00:00:00,11.82,11.82
2012-10-26,00:00:00,11.09988,11.09988
2012-10-28,00:00:00,10.61,10.61
2012-10-30,00:00:00,10.85,10.85
2012-11-01,00:00:00,11.279,11.279
2012-11-03,00:00:00,10.60097,10.60097
2012-11-05,00:00:00,10.9,10.9
2012-11-07,00:00:00,11.21603,11.21603
2012-11-09,00:00:00,11.07,11.07
2012-11-11,00:00:00,10.939,10.939
2012-11-13,00:00:00,11.129,11.129
2012-11-15,00:00:00,11.114,11.114
2012-11-17,00:00:00,11.8,11.8
2012-11-19,00:00:00,11.79998,11.79998
2012-11-21,00:00:00,11.784,11.784
2012-11-23,00:00:00,12.43,12.43
2012-11-25,00:00:00,12.6,12.6
2012-11-27,00:00:00,12.52999,12.52999
2012-11-29,00:00:00,12.599,12.599
2012-12-01,00:00:00,12.68778,12.68778
2012-12-03,00:00:00,12.67901,12.67901
2012-12-05,00:00:00,13.5,13.5
2012-12-07,00:00:00,13.68,13.68
2012-12-09,00:00:00,13.53,13.53
2012-12-11,00:00:00,13.63999,13.63999
2012-12-13,00:00:00,13.79989,13.79989
2012-12-15,00:00:00,13.7722,13.7722
2012-12-17,00:00:00,13.498,13.498
2012-12-19,00:00:00,13.399,13.399
2012-12-21,00:00:00,13.6475,13.6475
2012-12-23,00:00:00,13.48547,13.48547
2012-12-25,00:00:00,13.45,13.45
2012-12-27,00:00:00,13.47,13.47
2012-12-29,00:00:00,13.67,13.67
2012-12-31,00:00:00,13.59,13.59
2013-01-02,00:00:00,13.4,13.4
2013-01-04,00:00:00,13.48986,13.48986
2013-01-06,00:00:00,13.52999,13.52999
2013-01-08,00:00:00,13.83,13.83
2013-01-10,00:00:00,14.32,14.32
2013-01-12,00:00:00,14.34999,14.34999
2013-01-14,00:00:00,14.3,14.3
2013-01-16,00:00:00,14.689,14.689
2013-01-18,00:00:00,15.985,15.985
2013-01-20,00:00:00,15.89,15.89
2013-01-22,00:00:00,17.59,17.59
2013-01-24,00:00:00,19.18999,19.18999
2013-01-26,00:00:00,17.61926,17.61926
2013-01-28,00:00:00,18.45,18.45
2013-01-30,00:00:00,19.7,19.7
2013-02-01,00:00:00,21.3,21.3
2013-02-03,00:00:00,20.68,20.68
2013-02-05,00:00:00,20.79,20.79
2013-02-07,00:00:00,22.15,22.15
2013-02-09,00:00:00,23.69997,23.69997
2013-02-11,00:00:00,24.1955,24.1955
2013-02-13,00:00:00,26.09999,26.09999
2013-02-15,00:00:00,26.99898,26.99898
2013-02-17,00:00:00,25.6083,25.6083
2013-02-19,00:00:00,28.78999,28.78999
2013-02-21,00:00:00,29.80012,29.80012
2013-02-23,00:00:00,29.27998,29.27998
2013-02-25,00:00:00,30.25001,30.25001
2013-02-27,00:00:00,31.40181,31.40181
2013-03-01,00:00:00,34.87799,34.87799
2013-03-03,00:00:00,34.10007,34.10007
2013-03-05,00:00:00,40.04,40.04
2013-03-07,00:00:00,42.49271,42.49271
2013-03-09,00:00:00,46.01112,46.01112
2013-03-11,00:00:00,47.7397,47.7397
2013-03-13,00:00:00,46.79999,46.79999
2013-03-15,00:00:00,47.25005,47.25005
2013-03-17,00:00:00,47.4419,47.4419
2013-03-19,00:00:00,57.76,57.76
2013-03-21,00:00:00,73.8,73.8
2013-03-23,00:00:00,63,63
2013-03-25,00:00:00,73.88798,73.88798
2013-03-27,00:00:00,88.9,88.9
2013-03-29,00:00:00,89.05,89.05
2013-03-31,00:00:00,92.50001,92.50001
2013-04-02,00:00:00,108.73,108.73
2013-04-04,00:00:00,131.99899,131.99899
2013-04-06,00:00:00,142.49765,142.49765
2013-04-08,00:00:00,184,184
2013-04-10,00:00:00,198,198
2013-04-12,00:00:00,76.488,76.488
2013-04-14,00:00:00,91,91
2013-04-16,00:00:00,91,91
2013-04-18,00:00:00,96.5,96.5
2013-04-20,00:00:00,123.86,123.86
2013-04-22,00:00:00,123.515,123.515
2013-04-24,00:00:00,153.20019,153.20019
2013-04-26,00:00:00,135.601,135.601
2013-04-28,00:00:00,135.98999,135.98999
2013-04-30,00:00:00,139.109,139.109
2013-05-02,00:00:00,105.00003,105.00003
2013-05-04,00:00:00,111.98979,111.98979
2013-05-06,00:00:00,120.94999,120.94999
2013-05-08,00:00:00,113.95001,113.95001
2013-05-10,00:00:00,117.68,117.68
2013-05-12,00:00:00,114.32,114.32
2013-05-14,00:00:00,119,119
2013-05-16,00:00:00,115.09024,115.09024
2013-05-18,00:00:00,123.74995,123.74995
2013-05-20,00:00:00,122.65001,122.65001
2013-05-22,00:00:00,122.64,122.64
2013-05-24,00:00:00,131.5,131.5
2013-05-26,00:00:00,134.04701,134.04701
2013-05-28,00:00:00,128.321,128.321
2013-05-30,00:00:00,130.99589,130.99589
2013-06-01,00:00:00,129.19945,129.19945
2013-06-03,00:00:00,120.00002,120.00002
2013-06-05,00:00:00,122.4051,122.4051
2013-06-07,00:00:00,110.29501,110.29501
2013-06-09,00:00:00,98.47045,98.47045
2013-06-11,00:00:00,108,108
2013-06-13,00:00:00,109,109
2013-06-15,00:00:00,101.96998,101.96998
2013-06-17,00:00:00,100.52521,100.52521
2013-06-19,00:00:00,107.835,107.835
2013-06-21,00:00:00,111,111
2013-06-23,00:00:00,107.68389,107.68389
2013-06-25,00:00:00,103.86665,103.86665
2013-06-27,00:00:00,102.79001,102.79001
2013-06-29,00:00:00,95.85301,95.85301
2013-07-01,00:00:00,90.998,90.998
2013-07-03,00:00:00,82.8,82.8
2013-07-05,00:00:00,67.85844,67.85844
2013-07-07,00:00:00,70.942,70.942
2013-07-09,00:00:00,76.32791,76.32791
2013-07-11,00:00:00,87.15,87.15
2013-07-13,00:00:00,95.995,95.995
2013-07-15,00:00:00,98.37516,98.37516
2013-07-17,00:00:00,97.97,97.97
2013-07-19,00:00:00,93.41082,93.41082
2013-07-21,00:00:00,88.93999,88.93999
2013-07-23,00:00:00,95.396,95.396
2013-07-25,00:00:00,96.2,96.2
2013-07-27,00:00:00,95.20461,95.20461
2013-07-29,00:00:00,101.04202,101.04202
2013-07-31,00:00:00,104.95555,104.95555
2013-08-02,00:00:00,105.5,105.5
2013-08-04,00:00:00,104.67459,104.67459
2013-08-06,00:00:00,106.88378,106.88378
2013-08-08,00:00:00,101.9,101.9
2013-08-10,00:00:00,102.61802,102.61802
2013-08-12,00:00:00,104.99498,104.99498
2013-08-14,00:00:00,100.03,100.03
2013-08-16,00:00:00,98.51,98.51
2013-08-18,00:00:00,99.02,99.02
2013-08-20,00:00:00,104.59,104.59
2013-08-22,00:00:00,111.01,111.01
2013-08-24,00:00:00,108.79,108.79
2013-08-26,00:00:00,111.8,111.8
2013-08-28,00:00:00,119.25,119.25
2013-08-30,00:00:00,124.79,124.79
2013-09-01,00:00:00,130.82,130.82
2013-09-03,00:00:00,130.45,130.45
2013-09-05,00:00:00,124.51,124.51
2013-09-07,00:00:00,120.15,120.15
2013-09-09,00:00:00,121.66,121.66
2013-09-11,00:00:00,124.1,124.1
2013-09-13,00:00:00,128.29,128.29
2013-09-15,00:00:00,125.46,125.46
2013-09-17,00:00:00,127.56,127.56
2013-09-19,00:00:00,124.1,124.1
2013-09-21,00:00:00,123.5,123.5
2013-09-23,00:00:00,123.02,123.02
2013-09-25,00:00:00,124.18,124.18
2013-09-27,00:00:00,125.6,125.6
2013-09-29,00:00:00,128.1,128.1
2013-10-01,00:00:00,127.11,127.11
2013-10-03,00:00:00,116.95,116.95
2013-10-05,00:00:00,121.51,121.51
2013-10-07,00:00:00,123.6,123.6
2013-10-09,00:00:00,126.08,126.08
2013-10-11,00:00:00,126.84,126.84
2013-10-13,00:00:00,129.74,129.74
2013-10-15,00:00:00,139.24,139.24
2013-10-17,00:00:00,143.33,143.33
2013-10-19,00:00:00,165.05,165.05
2013-10-21,00:00:00,177.07,177.07
2013-10-23,00:00:00,199.95,199.95
2013-10-25,00:00:00,172.81,172.81
2013-10-27,00:00:00,189.06,189.06
2013-10-29,00:00:00,202.09,202.09
2013-10-31,00:00:00,201.61,201.61
2013-11-02,00:00:00,204.15,204.15
2013-11-04,00:00:00,225.1,225.1
2013-11-06,00:00:00,258.23,258.23
2013-11-08,00:00:00,325.56,325.56
2013-11-10,00:00:00,296.91,296.91
2013-11-12,00:00:00,353.95,353.95
2013-11-14,00:00:00,416.5,416.5
2013-11-16,00:00:00,433.53,433.53
2013-11-18,00:00:00,583.16,583.16
2013-11-20,00:00:00,595,595
2013-11-22,00:00:00,761,761
2013-11-24,00:00:00,833.16,833.16
2013-11-26,00:00:00,844.9,844.9
2013-11-28,00:00:00,1009,1009
2013-11-30,00:00:00,1119.96,1119.96
2013-12-02,00:00:00,992.27,992.27
2013-12-04,00:00:00,1151,1151
2013-12-06,00:00:00,894,894
2013-12-08,00:00:00,722.99,722.99
2013-12-10,00:00:00,936.98,936.98
2013-12-12,00:00:00,845.75,845.75
2013-12-14,00:00:00,864.7,864.7
2013-12-16,00:00:00,709,709
2013-12-18,00:00:00,576.16,576.16
2013-12-20,00:00:00,660,660
2013-12-22,00:00:00,637,637
2013-12-24,00:00:00,647.27,647.27
2013-12-26,00:00:00,734.42,734.42
2013-12-28,00:00:00,701.61,701.61
2013-12-30,00:00:00,739.1,739.1
2014-01-01,00:00:00,746.9,746.9
2014-01-03,00:00:00,806.21,806.21
2014-01-05,00:00:00,896,896
2014-01-07,00:00:00,867.38,867.38
2014-01-09,00:00:00,809.17,809.17
2014-01-11,00:00:00,891.85,891.85
2014-01-13,00:00:00,807.83,807.83
2014-01-15,00:00:00,847.7,847.7
2014-01-17,00:00:00,793,793
2014-01-19,00:00:00,833,833
2014-01-21,00:00:00,822.56,822.56
2014-01-23,00:00:00,813.02,813.02
2014-01-25,00:00:00,806,806
2014-01-27,00:00:00,777,777
2014-01-29,00:00:00,803.6,803.6
2014-01-31,00:00:00,802.5,802.5
2014-02-02,00:00:00,819.57,819.57
2014-02-04,00:00:00,809.05,809.05
2014-02-06,00:00:00,778,778
2014-02-08,00:00:00,707,707
2014-02-10,00:00:00,665,665
2014-02-12,00:00:00,667.01,667.01
2014-02-14,00:00:00,672.1,672.1
2014-02-16,00:00:00,623.5,623.5
2014-02-18,00:00:00,626.77,626.77
2014-02-20,00:00:00,582.7,582.7
2014-02-22,00:00:00,603.98,603.98
2014-02-24,00:00:00,545,545
2014-02-26,00:00:00,585.38,585.38
2014-02-28,00:00:00,577.97,577.97
2014-03-02,00:00:00,559.88,559.88
2014-03-04,00:00:00,677.61,677.61
2014-03-06,00:00:00,657.02,657.02
2014-03-08,00:00:00,609,609
2014-03-10,00:00:00,621.99,621.99
2014-03-12,00:00:00,642.1,642.1
2014-03-14,00:00:00,636.47,636.47
2014-03-16,00:00:00,634.94,634.94
2014-03-18,00:00:00,627,627
2014-03-20,00:00:00,590,590
2014-03-22,00:00:00,557,557
2014-03-24,00:00:00,572,572
2014-03-26,00:00:00,585.7,585.7
2014-03-28,00:00:00,503,503
2014-03-30,00:00:00,449.02,449.02
2014-04-01,00:00:00,479.51,479.51
2014-04-03,00:00:00,446.31,446.31
2014-04-05,00:00:00,451.84,451.84
2014-04-07,00:00:00,447.74,447.74
2014-04-09,00:00:00,443.1,443.1
2014-04-11,00:00:00,427.99,427.99
2014-04-13,00:00:00,405,405
2014-04-15,00:00:00,489.91,489.91
2014-04-17,00:00:00,495,495
2014-04-19,00:00:00,499.9,499.9
2014-04-21,00:00:00,496.5,496.5
2014-04-23,00:00:00,487.3,487.3
2014-04-25,00:00:00,459.15,459.15
2014-04-27,00:00:00,440.1,440.1
2014-04-29,00:00:00,447.7,447.7
2014-05-01,00:00:00,460.01,460.01
2014-05-03,00:00:00,434.5,434.5
2014-05-05,00:00:00,427.83,427.83
2014-05-07,00:00:00,446.65,446.65
2014-05-09,00:00:00,452.02,452.02
2014-05-11,00:00:00,435,435
2014-05-13,00:00:00,438.95,438.95
2014-05-15,00:00:00,448.99,448.99
2014-05-17,00:00:00,449.08,449.08
2014-05-19,00:00:00,446.42,446.42
2014-05-21,00:00:00,494.87,494.87
2014-05-23,00:00:00,527.47,527.47
2014-05-25,00:00:00,575,575
2014-05-27,00:00:00,581.87,581.87
2014-05-29,00:00:00,568,568
2014-05-31,00:00:00,620.45,620.45
2014-06-02,00:00:00,631.49,631.49
2014-06-04,00:00:00,644.66,644.66
2014-06-06,00:00:00,655.75,655.75
2014-06-08,00:00:00,652,652
2014-06-10,00:00:00,649.89,649.89
2014-06-12,00:00:00,617,617
2014-06-14,00:00:00,557.92,557.92
2014-06-16,00:00:00,595,595
2014-06-18,00:00:00,604.6,604.6
2014-06-20,00:00:00,593.33,593.33
2014-06-22,00:00:00,596.08,596.08
2014-06-24,00:00:00,585.54,585.54
2014-06-26,00:00:00,569,569
2014-06-28,00:00:00,597.08,597.08
2014-06-30,00:00:00,620,620
2014-07-02,00:00:00,654,654
2014-07-04,00:00:00,635.49,635.49
2014-07-06,00:00:00,634.49,634.49
2014-07-08,00:00:00,623.7,623.7
2014-07-10,00:00:00,619.78,619.78
2014-07-12,00:00:00,631.98,631.98
2014-07-14,00:00:00,622.8,622.8
2014-07-16,00:00:00,619.48,619.48
2014-07-18,00:00:00,629.86,629.86
2014-07-20,00:00:00,623.77,623.77
2014-07-22,00:00:00,621.03,621.03
2014-07-24,00:00:00,601.18,601.18
2014-07-26,00:00:00,595.88,595.88
2014-07-28,00:00:00,586.96,586.96
2014-07-30,00:00:00,573.48,573.48
2014-08-01,00:00:00,601.94,601.94
2014-08-03,00:00:00,589.79,589.79
2014-08-05,00:00:00,580.21,580.21
2014-08-07,00:00:00,587.24,587.24
2014-08-09,00:00:00,588.61,588.61
2014-08-11,00:00:00,578.97,578.97
2014-08-13,00:00:00,550.14,550.14
2014-08-15,00:00:00,498.16,498.16
2014-08-17,00:00:00,491.88,491.88
2014-08-19,00:00:00,487.5,487.5
2014-08-21,00:00:00,525.78,525.78
2014-08-23,00:00:00,503.88,503.88
2014-08-25,00:00:00,503.79,503.79
2014-08-27,00:00:00,514.84,514.84
2014-08-29,00:00:00,511.99,511.99
2014-08-31,00:00:00,477.98,477.98
2014-09-02,00:00:00,483.65,483.65
2014-09-04,00:00:00,486,486
2014-09-06,00:00:00,481.09,481.09
2014-09-08,00:00:00,476.61,476.61
2014-09-10,00:00:00,485.03,485.03
2014-09-12,00:00:00,470.43,470.43
2014-09-14,00:00:00,475.49,475.49
2014-09-16,00:00:00,468,468
2014-09-18,00:00:00,428.19,428.19
2014-09-20,00:00:00,415.56,415.56
2014-09-22,00:00:00,400.98,400.98
2014-09-24,00:00:00,431.91,431.91
2014-09-26,00:00:00,405.14,405.14
2014-09-28,00:00:00,380,380
2014-09-30,00:00:00,382.67,382.67
2014-10-02,00:00:00,375.85,375.85
2014-10-04,00:00:00,336,336
2014-10-06,00:00:00,331.2,331.2
2014-10-08,00:00:00,346.26,346.26
2014-10-10,00:00:00,358.97,358.97
2014-10-12,00:00:00,364.83,364.83
2014-10-14,00:00:00,411.89,411.89
2014-10-16,00:00:00,378.02,378.02
2014-10-18,00:00:00,389.68,389.68
2014-10-20,00:00:00,384.95,384.95
2014-10-22,00:00:00,385.1,385.1
2014-10-24,00:00:00,358.46,358.46
2014-10-26,00:00:00,355.43,355.43
2014-10-28,00:00:00,354.94,354.94
2014-10-30,00:00:00,337,337
2014-11-01,00:00:00,327.39,327.39
2014-11-03,00:00:00,325.81,325.81
2014-11-05,00:00:00,341.99,341.99
2014-11-07,00:00:00,342.26,342.26
2014-11-09,00:00:00,356.34,356.34
2014-11-11,00:00:00,365.04,365.04
2014-11-13,00:00:00,406.56,406.56
2014-11-15,00:00:00,373.14,373.14
2014-11-17,00:00:00,378.48,378.48
2014-11-19,00:00:00,374.77,374.77
2014-11-21,00:00:00,356.9,356.9
2014-11-23,00:00:00,362.99,362.99
2014-11-25,00:00:00,381.03,381.03
2014-11-27,00:00:00,372.62,372.62
2014-11-29,00:00:00,377.22,377.22
2014-12-01,00:00:00,381.72,381.72
2014-12-03,00:00:00,378.25,378.25
2014-12-05,00:00:00,373.98,373.98
2014-12-07,00:00:00,375.73,375.73
2014-12-09,00:00:00,350.29,350.29
2014-12-11,00:00:00,356.1,356.1
2014-12-13,00:00:00,350.31,350.31
2014-12-15,00:00:00,352.15,352.15
2014-12-17,00:00:00,318.2,318.2
2014-12-19,00:00:00,317.63,317.63
2014-12-21,00:00:00,326.93,326.93
2014-12-23,00:00:00,336.96,336.96
2014-12-25,00:00:00,319.31,319.31
2014-12-27,00:00:00,314.45,314.45
2014-12-29,00:00:00,314.49,314.49
2014-12-31,00:00:00,317.4,317.4
2015-01-02,00:00:00,316.15,316.15
2015-01-04,00:00:00,270.93,270.93
2015-01-06,00:00:00,276.8,276.8
2015-01-08,00:00:00,276.8,276.8
2015-01-10,00:00:00,278,278
2015-01-12,00:00:00,270,270
2015-01-14,00:00:00,176.5,176.5
2015-01-16,00:00:00,205.35,205.35
2015-01-18,00:00:00,211.18,211.18
2015-01-20,00:00:00,212.99,212.99
2015-01-22,00:00:00,233.9,233.9
2015-01-24,00:00:00,244.64,244.64
2015-01-26,00:00:00,271.47,271.47
2015-01-28,00:00:00,249.25,249.25
2015-01-30,00:00:00,230.11,230.11
2015-02-01,00:00:00,220.72,220.72
2015-02-03,00:00:00,236.51,236.51
2015-02-05,00:00:00,217.37,217.37
2015-02-07,00:00:00,225.16,225.16
2015-02-09,00:00:00,220.39,220.39
2015-02-11,00:00:00,221.99,221.99
2015-02-13,00:00:00,239.94,239.94
2015-02-15,00:00:00,243.99,243.99
2015-02-17,00:00:00,244,244
2015-02-19,00:00:00,241.59,241.59
2015-02-21,00:00:00,245.66,245.66
2015-02-23,00:00:00,237.09,237.09
2015-02-25,00:00:00,238.59,238.59
2015-02-27,00:00:00,254,254
2015-03-01,00:00:00,247.56,247.56
2015-03-03,00:00:00,275.8,275.8
2015-03-05,00:00:00,265.63,265.63
2015-03-07,00:00:00,275.83,275.83
2015-03-09,00:00:00,287.48,287.48
2015-03-11,00:00:00,293.29,293.29
2015-03-13,00:00:00,289.51,289.51
2015-03-15,00:00:00,283.57,283.57
2015-03-17,00:00:00,287.02,287.02
2015-03-19,00:00:00,260.62,260.62
2015-03-21,00:00:00,257.83,257.83
2015-03-23,00:00:00,266.07,266.07
2015-03-25,00:00:00,245.68,245.68
2015-03-27,00:00:00,248.63,248.63
2015-03-29,00:00:00,244.05,244.05
2015-03-31,00:00:00,242.92,242.92
2015-04-02,00:00:00,252.44,252.44
2015-04-04,00:00:00,253.77,253.77
2015-04-06,00:00:00,254.7,254.7
2015-04-08,00:00:00,245.89,245.89
2015-04-10,00:00:00,235.71,235.71
2015-04-12,00:00:00,236.76,236.76
2015-04-14,00:00:00,216,216
2015-04-16,00:00:00,229.62,229.62
2015-04-18,00:00:00,222.32,222.32
2015-04-20,00:00:00,224.63,224.63
2015-04-22,00:00:00,237.34,237.34
2015-04-24,00:00:00,230.93,230.93
2015-04-26,00:00:00,218.42,218.42
2015-04-28,00:00:00,222.66,222.66
2015-04-30,00:00:00,235.13,235.13
2015-05-02,00:00:00,234.13,234.13
2015-05-04,00:00:00,236.17,236.17
2015-05-06,00:00:00,235.79,235.79
2015-05-08,00:00:00,244.72,244.72
2015-05-10,00:00:00,239.35,239.35
2015-05-12,00:00:00,241.51,241.51
2015-05-14,00:00:00,238.32,238.32
2015-05-16,00:00:00,236.63,236.63
2015-05-18,00:00:00,236.45,236.45
2015-05-20,00:00:00,234.6,234.6
2015-05-22,00:00:00,240.5,240.5
2015-05-24,00:00:00,240.46,240.46
2015-05-26,00:00:00,235.94,235.94
2015-05-28,00:00:00,236.48,236.48
2015-05-30,00:00:00,231.12,231.12
2015-06-01,00:00:00,222.4,222.4
2015-06-03,00:00:00,226.29,226.29
2015-06-05,00:00:00,224.15,224.15
2015-06-07,00:00:00,222.6,222.6
2015-06-09,00:00:00,230.1,230.1
2015-06-11,00:00:00,229,229
2015-06-13,00:00:00,230.22,230.22
2015-06-15,00:00:00,236.46,236.46
2015-06-17,00:00:00,249.96,249.96
2015-06-19,00:00:00,246.45,246.45
2015-06-21,00:00:00,242.47,242.47
2015-06-23,00:00:00,243.92,243.92
2015-06-25,00:00:00,241.92,241.92
2015-06-27,00:00:00,248.5,248.5
2015-06-29,00:00:00,253.8,253.8
2015-07-01,00:00:00,257.85,257.85
2015-07-03,00:00:00,255.1,255.1
2015-07-05,00:00:00,270.92,270.92
2015-07-07,00:00:00,267.26,267.26
2015-07-09,00:00:00,270.68,270.68
2015-07-11,00:00:00,293.5,293.5
2015-07-13,00:00:00,289.9,289.9
2015-07-15,00:00:00,290.95,290.95
2015-07-17,00:00:00,277.99,277.99
2015-07-19,00:00:00,276.09,276.09
2015-07-21,00:00:00,278.97,278.97
2015-07-23,00:00:00,276.64,276.64
2015-07-25,00:00:00,287.12,287.12
2015-07-27,00:00:00,290.79,290.79
2015-07-29,00:00:00,290.7,290.7
2015-07-31,00:00:00,284.78,284.78
2015-08-02,00:00:00,280.69,280.69
2015-08-04,00:00:00,285,285
2015-08-06,00:00:00,277.1,277.1
2015-08-08,00:00:00,269.89,269.89
2015-08-10,00:00:00,264.07,264.07
2015-08-12,00:00:00,267.89,267.89
2015-08-14,00:00:00,266.99,266.99
2015-08-16,00:00:00,257.47,257.47
2015-08-18,00:00:00,253.91,253.91
2015-08-20,00:00:00,233.23,233.23
2015-08-22,00:00:00,226.04,226.04
2015-08-24,00:00:00,213.24,213.24
2015-08-26,00:00:00,228.84,228.84
2015-08-28,00:00:00,234.17,234.17
2015-08-30,00:00:00,226.47,226.47
2015-09-01,00:00:00,228.32,228.32
2015-09-03,00:00:00,227.42,227.42
2015-09-05,00:00:00,234.67,234.67
2015-09-07,00:00:00,241.31,241.31
2015-09-09,00:00:00,240.08,240.08
2015-09-11,00:00:00,239.93,239.93
2015-09-13,00:00:00,229.86,229.86
2015-09-15,00:00:00,230,230
2015-09-17,00:00:00,234,234
2015-09-19,00:00:00,230.71,230.71
2015-09-21,00:00:00,226.56,226.56
2015-09-23,00:00:00,229.95,229.95
2015-09-25,00:00:00,235.79,235.79
2015-09-27,00:00:00,232.85,232.85
2015-09-29,00:00:00,237.68,237.68
2015-10-01,00:00:00,238.98,238.98
2015-10-03,00:00:00,239.17,239.17
2015-10-05,00:00:00,239.22,239.22
2015-10-07,00:00:00,245.25,245.25
2015-10-09,00:00:00,244.78,244.78
2015-10-11,00:00:00,248.08,248.08
2015-10-13,00:00:00,249.58,249.58
2015-10-15,00:00:00,254.73,254.73
2015-10-17,00:00:00,269.07,269.07
2015-10-19,00:00:00,264.16,264.16
2015-10-21,00:00:00,269.1,269.1
2015-10-23,00:00:00,277.43,277.43
2015-10-25,00:00:00,295.01,295.01
2015-10-27,00:00:00,294.73,294.73
2015-10-29,00:00:00,310.36,310.36
2015-10-31,00:00:00,310.92,310.92
2015-11-02,00:00:00,340.69,340.69
2015-11-04,00:00:00,437.05,437.05
2015-11-06,00:00:00,388.38,388.38
2015-11-08,00:00:00,381.51,381.51
2015-11-10,00:00:00,353.58,353.58
2015-11-12,00:00:00,331.6,331.6
2015-11-14,00:00:00,331.9,331.9
2015-11-16,00:00:00,329.32,329.32
2015-11-18,00:00:00,334.46,334.46
2015-11-20,00:00:00,320.62,320.62
2015-11-22,00:00:00,322.33,322.33
2015-11-24,00:00:00,321.1,321.1
2015-11-26,00:00:00,348,348
2015-11-28,00:00:00,353.88,353.88
2015-11-30,00:00:00,372.53,372.53
2015-12-02,00:00:00,360.98,360.98
2015-12-04,00:00:00,360.88,360.88
2015-12-06,00:00:00,390.04,390.04
2015-12-08,00:00:00,394.99,394.99
2015-12-10,00:00:00,415.64,415.64
2015-12-12,00:00:00,426.06,426.06
2015-12-14,00:00:00,445.6,445.6
2015-12-16,00:00:00,454.43,454.43
2015-12-18,00:00:00,458.95,458.95
2015-12-20,00:00:00,434.98,434.98
2015-12-22,00:00:00,435.98,435.98
2015-12-24,00:00:00,453.95,453.95
2015-12-26,00:00:00,417.99,417.99
2015-12-28,00:00:00,423.98,423.98
2015-12-30,00:00:00,428,428
2016-01-01,00:00:00,432.33,432.33
2016-01-03,00:00:00,428.13,428.13
2016-01-05,00:00:00,431.9,431.9
2016-01-07,00:00:00,453.71,453.71
2016-01-09,00:00:00,450.15,450.15
2016-01-11,00:00:00,447.11,447.11
2016-01-13,00:00:00,429.57,429.57
2016-01-15,00:00:00,391.62,391.62
2016-01-17,00:00:00,385.45,385.45
2016-01-19,00:00:00,378.66,378.66
2016-01-21,00:00:00,408,408
2016-01-23,00:00:00,388.5,388.5
2016-01-25,00:00:00,387.09,387.09
2016-01-27,00:00:00,394.45,394.45
2016-01-29,00:00:00,377.26,377.26
2016-01-31,00:00:00,376.86,376.86
2016-02-02,00:00:00,373.48,373.48
2016-02-04,00:00:00,385.06,385.06
2016-02-06,00:00:00,373.04,373.04
2016-02-08,00:00:00,375.8,375.8
2016-02-10,00:00:00,378.98,378.98
2016-02-12,00:00:00,381.46,381.46
2016-02-14,00:00:00,402.38,402.38
2016-02-16,00:00:00,406.69,406.69
2016-02-18,00:00:00,418.97,418.97
2016-02-20,00:00:00,439.48,439.48
2016-02-22,00:00:00,438.5,438.5
2016-02-24,00:00:00,423.1,423.1
2016-02-26,00:00:00,424.34,424.34
2016-02-28,00:00:00,433.47,433.47
2016-03-01,00:00:00,431.87,431.87
2016-03-03,00:00:00,421.44,421.44
2016-03-05,00:00:00,401,401
2016-03-07,00:00:00,411.94,411.94
2016-03-09,00:00:00,413.1,413.1
2016-03-11,00:00:00,421.22,421.22
2016-03-13,00:00:00,412.44,412.44
2016-03-15,00:00:00,414.78,414.78
2016-03-17,00:00:00,418.64,418.64
2016-03-19,00:00:00,405.59,405.59
2016-03-21,00:00:00,410.49,410.49
2016-03-23,00:00:00,417.8,417.8
2016-03-25,00:00:00,416.44,416.44
2016-03-27,00:00:00,426.8,426.8
2016-03-29,00:00:00,414,414
2016-03-31,00:00:00,416.94,416.94
2016-04-02,00:00:00,418.07,418.07
2016-04-04,00:00:00,418.99,418.99
2016-04-06,00:00:00,421.09,421.09
2016-04-08,00:00:00,422.2,422.2
2016-04-10,00:00:00,421.63,421.63
2016-04-12,00:00:00,425.89,425.89
2016-04-14,00:00:00,423.76,423.76
2016-04-16,00:00:00,429.43,429.43
2016-04-18,00:00:00,427.28,427.28
2016-04-20,00:00:00,442.34,442.34
2016-04-22,00:00:00,447.25,447.25
2016-04-24,00:00:00,459.4,459.4
2016-04-26,00:00:00,467.98,467.98
2016-04-28,00:00:00,450,450
2016-04-30,00:00:00,447.17,447.17
2016-05-02,00:00:00,443.9,443.9
2016-05-04,00:00:00,447.37,447.37
2016-05-06,00:00:00,460.91,460.91
2016-05-08,00:00:00,457.82,457.82
2016-05-10,00:00:00,450,450
2016-05-12,00:00:00,454.7,454.7
2016-05-14,00:00:00,455.65,455.65
2016-05-16,00:00:00,454.88,454.88
2016-05-18,00:00:00,452.9,452.9
2016-05-20,00:00:00,441.25,441.25
2016-05-22,00:00:00,438,438
2016-05-24,00:00:00,445.34,445.34
2016-05-26,00:00:00,452.49,452.49
2016-05-28,00:00:00,522.43,522.43
2016-05-30,00:00:00,525.15,525.15
2016-06-01,00:00:00,539.47,539.47
2016-06-03,00:00:00,568,568
2016-06-05,00:00:00,574.02,574.02
2016-06-07,00:00:00,577.54,577.54
2016-06-09,00:00:00,575.2941375,575.2941375
2016-06-11,00:00:00,594.4399875,594.4399875
2016-06-13,00:00:00,702.0665,702.0665
2016-06-15,00:00:00,692.289625,692.289625
2016-06-17,00:00:00,743.9164,743.9164
2016-06-19,00:00:00,760.8168,760.8168
2016-06-21,00:00:00,665.9586125,665.9586125
2016-06-23,00:00:00,624.542,624.542
2016-06-25,00:00:00,664.9068875,664.9068875
2016-06-27,00:00:00,646.7030125,646.7030125
2016-06-29,00:00:00,637.959625,637.959625
2016-07-01,00:00:00,675.1863375,675.1863375
2016-07-03,00:00:00,658.4175,658.4175
2016-07-05,00:00:00,666.4855875,666.4855875
2016-07-07,00:00:00,636.3588625,636.3588625
2016-07-09,00:00:00,651.8649125,651.8649125
2016-07-11,00:00:00,647.9837,647.9837
2016-07-13,00:00:00,657.4524875,657.4524875
2016-07-15,00:00:00,664.57145,664.57145
2016-07-17,00:00:00,675.45905,675.45905
2016-07-19,00:00:00,672.8432,672.8432
2016-07-21,00:00:00,664.882075,664.882075
2016-07-23,00:00:00,655.8469125,655.8469125
2016-07-25,00:00:00,654.69545,654.69545
2016-07-27,00:00:00,654.9810375,654.9810375
2016-07-29,00:00:00,656.8876125,656.8876125
2016-07-31,00:00:00,628.015375,628.015375
2016-08-02,00:00:00,515.0619,515.0619
2016-08-04,00:00:00,577.315771428571,577.315771428571
2016-08-06,00:00:00,588.231271428571,588.231271428571
2016-08-08,00:00:00,592.6975,592.6975
2016-08-10,00:00:00,592.1899,592.1899
2016-08-12,00:00:00,587.7556,587.7556
2016-08-14,00:00:00,570.976414285714,570.976414285714
2016-08-16,00:00:00,581.1185875,581.1185875
2016-08-18,00:00:00,576.0360875,576.0360875
2016-08-20,00:00:00,583.2078625,583.2078625
2016-08-22,00:00:00,588.9727625,588.9727625
2016-08-24,00:00:00,582.8479875,582.8479875
2016-08-26,00:00:00,581.07245,581.07245
2016-08-28,00:00:00,576.534,576.534
2016-08-30,00:00:00,578.616575,578.616575
2016-09-01,00:00:00,572.818375,572.818375
2016-09-03,00:00:00,600.8860875,600.8860875
2016-09-05,00:00:00,608.10975,608.10975
2016-09-07,00:00:00,614.4637625,614.4637625
2016-09-09,00:00:00,625.0709,625.0709
2016-09-11,00:00:00,608.15855,608.15855
2016-09-13,00:00:00,610.928125,610.928125
2016-09-15,00:00:00,610.386125,610.386125
2016-09-17,00:00:00,608.006875,608.006875
2016-09-19,00:00:00,610.1965,610.1965
2016-09-21,00:00:00,598.884875,598.884875
2016-09-23,00:00:00,604.2225,604.2225
2016-09-25,00:00:00,601.7472375,601.7472375
2016-09-27,00:00:00,605.9622125,605.9622125
2016-09-29,00:00:00,606.36375,606.36375
2016-10-01,00:00:00,614.8238,614.8238
2016-10-03,00:00:00,611.8511,611.8511
2016-10-05,00:00:00,612.3522875,612.3522875
2016-10-07,00:00:00,617.21035,617.21035
2016-10-09,00:00:00,615.65675,615.65675
2016-10-11,00:00:00,639.30995,639.30995
2016-10-13,00:00:00,635.9650875,635.9650875
2016-10-15,00:00:00,637.949857142857,637.949857142857
2016-10-17,00:00:00,638.1833875,638.1833875
2016-10-19,00:00:00,629.253675,629.253675
2016-10-21,00:00:00,631.9242125,631.9242125
2016-10-23,00:00:00,653.0028625,653.0028625
2016-10-25,00:00:00,655.31995,655.31995
2016-10-27,00:00:00,682.2239625,682.2239625
2016-10-29,00:00:00,714.89545,714.89545
2016-10-31,00:00:00,702.0015125,702.0015125
2016-11-02,00:00:00,733.336125,733.336125
2016-11-04,00:00:00,703.6940875,703.6940875
2016-11-06,00:00:00,712.00325,712.00325
2016-11-08,00:00:00,708.974875,708.974875
2016-11-10,00:00:00,713.690125,713.690125
2016-11-12,00:00:00,703.718,703.718
2016-11-14,00:00:00,706.467875,706.467875
2016-11-16,00:00:00,736.914375,736.914375
2016-11-18,00:00:00,747.5217625,747.5217625
2016-11-20,00:00:00,729.066625,729.066625
2016-11-22,00:00:00,748.749375,748.749375
2016-11-24,00:00:00,737.450375,737.450375
2016-11-26,00:00:00,733.673,733.673
2016-11-28,00:00:00,733.052125,733.052125
2016-11-30,00:00:00,742.6967625,742.6967625
2016-12-02,00:00:00,772.43725,772.43725
2016-12-04,00:00:00,764.81625,764.81625
2016-12-06,00:00:00,756.6215,756.6215
2016-12-08,00:00:00,769.72975,769.72975
2016-12-10,00:00:00,773.40125,773.40125
2016-12-12,00:00:00,777.006875,777.006875
2016-12-14,00:00:00,774.897,774.897
2016-12-16,00:00:00,781.568375,781.568375
2016-12-18,00:00:00,788.40575,788.40575
2016-12-20,00:00:00,793.0901375,793.0901375
2016-12-22,00:00:00,860.599875,860.599875
2016-12-24,00:00:00,891.6126125,891.6126125
2016-12-26,00:00:00,897.335375,897.335375
2016-12-28,00:00:00,967.480375,967.480375
2016-12-30,00:00:00,952.156375,952.156375
2017-01-01,00:00:00,997.729875,997.729875
2017-01-03,00:00:00,1023.141875,1023.141875
2017-01-05,00:00:00,994.674875,994.674875
2017-01-07,00:00:00,896.830375,896.830375
2017-01-09,00:00:00,894.18025,894.18025
2017-01-11,00:00:00,785.2237375,785.2237375
2017-01-13,00:00:00,826.2956625,826.2956625
2017-01-15,00:00:00,822.2076,822.2076
2017-01-17,00:00:00,903.84575,903.84575
2017-01-19,00:00:00,895.798875,895.798875
2017-01-21,00:00:00,920.4479,920.4479
2017-01-23,00:00:00,922.0736125,922.0736125
2017-01-25,00:00:00,893.045625,893.045625
2017-01-27,00:00:00,919.27975,919.27975
2017-01-29,00:00:00,915.933,915.933
2017-01-31,00:00:00,964.706075,964.706075
2017-02-02,00:00:00,1007.6137125,1007.6137125
2017-02-04,00:00:00,1030.9994125,1030.9994125
2017-02-06,00:00:00,1024.01375,1024.01375
2017-02-08,00:00:00,1052.3766125,1052.3766125
2017-02-10,00:00:00,999.1035,999.1035
2017-02-12,00:00:00,1000.604625,1000.604625
2017-02-14,00:00:00,1011.78025,1011.78025
2017-02-16,00:00:00,1035.208125,1035.208125
2017-02-18,00:00:00,1056.6371375,1056.6371375
2017-02-20,00:00:00,1084.7550125,1084.7550125
2017-02-22,00:00:00,1123.2231875,1123.2231875
2017-02-24,00:00:00,1174.86625,1174.86625
2017-02-26,00:00:00,1175.04975,1175.04975
2017-02-28,00:00:00,1187.56528571429,1187.56528571429
2017-03-02,00:00:00,1259.41081666667,1259.41081666667
2017-03-04,00:00:00,1267.0272,1267.0272
2017-03-06,00:00:00,1275.197375,1275.197375
2017-03-08,00:00:00,1157.3933,1157.3933
2017-03-10,00:00:00,1098.61712857143,1098.61712857143
2017-03-12,00:00:00,1227.494625,1227.494625
2017-03-14,00:00:00,1245.37078571429,1245.37078571429
2017-03-16,00:00:00,1180.94565714286,1180.94565714286
2017-03-18,00:00:00,952.2323625,952.2323625
2017-03-20,00:00:00,1049.0844875,1049.0844875
2017-03-22,00:00:00,1028.7268625,1028.7268625
2017-03-24,00:00:00,941.919714285714,941.919714285714
2017-03-26,00:00:00,956.7863125,956.7863125
2017-03-28,00:00:00,1046.127625,1046.127625
2017-03-30,00:00:00,1037.90455,1037.90455
2017-04-01,00:00:00,1086.92957142857,1086.92957142857
2017-04-03,00:00:00,1141.813,1141.813
2017-04-05,00:00:00,1133.07931428571,1133.07931428571
2017-04-07,00:00:00,1190.45425,1190.45425
2017-04-09,00:00:00,1208.8005,1208.8005
2017-04-11,00:00:00,1226.6170375,1226.6170375
2017-04-13,00:00:00,1180.0237125,1180.0237125
2017-04-15,00:00:00,1184.88067142857,1184.88067142857
2017-04-17,00:00:00,1205.634875,1205.634875
2017-04-19,00:00:00,1217.9300875,1217.9300875
2017-04-21,00:00:00,1258.3614125,1258.3614125
2017-04-23,00:00:00,1257.9881125,1257.9881125
2017-04-25,00:00:00,1279.4146875,1279.4146875
2017-04-27,00:00:00,1345.3539125,1345.3539125
2017-04-29,00:00:00,1334.9790375,1334.9790375
2017-05-01,00:00:00,1417.1728125,1417.1728125
2017-05-03,00:00:00,1507.57685714286,1507.57685714286
2017-05-05,00:00:00,1533.33507142857,1533.33507142857
2017-05-07,00:00:00,1535.86842857143,1535.86842857143
2017-05-09,00:00:00,1721.28497142857,1721.28497142857
2017-05-11,00:00:00,1820.9905625,1820.9905625
2017-05-13,00:00:00,1771.9200125,1771.9200125
2017-05-15,00:00:00,1723.1269375,1723.1269375
2017-05-17,00:00:00,1807.4850625,1807.4850625
2017-05-19,00:00:00,1961.5204875,1961.5204875
2017-05-21,00:00:00,2046.5344625,2046.5344625
2017-05-23,00:00:00,2287.7102875,2287.7102875
2017-05-25,00:00:00,2387.20628571429,2387.20628571429
2017-05-27,00:00:00,2014.0529625,2014.0529625
2017-05-29,00:00:00,2275.9307,2275.9307
2017-05-31,00:00:00,2285.93391428571,2285.93391428571
2017-06-02,00:00:00,2446.14241428571,2446.14241428571
2017-06-04,00:00:00,2516.17314285714,2516.17314285714
2017-06-06,00:00:00,2883.31369663714,2883.31369663714
2017-06-08,00:00:00,2792.9991875,2792.9991875
2017-06-10,00:00:00,2845.37285714286,2845.37285714286
2017-06-12,00:00:00,2657.6750625,2657.6750625
2017-06-14,00:00:00,2447.0415625,2447.0415625
2017-06-16,00:00:00,2464.95981428571,2464.95981428571
2017-06-18,00:00:00,2507.38925214429,2507.38925214429
2017-06-20,00:00:00,2754.97825,2754.97825
2017-06-22,00:00:00,2727.2880125,2727.2880125
2017-06-24,00:00:00,2589.1648875,2589.1648875
2017-06-26,00:00:00,2436.45105714286,2436.45105714286
2017-06-28,00:00:00,2585.34918571429,2585.34918571429
2017-06-30,00:00:00,2477.641375,2477.641375
2017-07-02,00:00:00,2501.19134285714,2501.19134285714
2017-07-04,00:00:00,2599.7298375,2599.7298375
2017-07-06,00:00:00,2609.96775,2609.96775
2017-07-08,00:00:00,2562.1306625,2562.1306625
2017-07-10,00:00:00,2366.17014285714,2366.17014285714
2017-07-12,00:00:00,2385.74857142857,2385.74857142857
2017-07-14,00:00:00,2190.94783333333,2190.94783333333
2017-07-16,00:00:00,1931.2143,1931.2143
2017-07-18,00:00:00,2320.12225,2320.12225
2017-07-20,00:00:00,2898.18841666667,2898.18841666667
2017-07-22,00:00:00,2807.60985714286,2807.60985714286
2017-07-24,00:00:00,2751.82102857143,2751.82102857143
2017-07-26,00:00:00,2495.02858571429,2495.02858571429
2017-07-28,00:00:00,2781.63658333333,2781.63658333333
2017-07-30,00:00:00,2745.95541666667,2745.95541666667
2017-08-01,00:00:00,2710.41306666667,2710.41306666667
2017-08-03,00:00:00,2794.11771666667,2794.11771666667
2017-08-05,00:00:00,3218.11501666667,3218.11501666667
2017-08-07,00:00:00,3407.22683333333,3407.22683333333
2017-08-09,00:00:00,3357.32631666667,3357.32631666667
2017-08-11,00:00:00,3632.50666666667,3632.50666666667
2017-08-13,00:00:00,4125.54802,4125.54802
2017-08-15,00:00:00,4217.02832857143,4217.02832857143
2017-08-17,00:00:00,4328.72571666667,4328.72571666667
2017-08-19,00:00:00,4222.66221428571,4222.66221428571
2017-08-21,00:00:00,4043.722,4043.722
2017-08-23,00:00:00,4174.95,4174.95
2017-08-25,00:00:00,4363.05445,4363.05445
2017-08-27,00:00:00,4354.30833333333,4354.30833333333
2017-08-29,00:00:00,4607.98545,4607.98545
2017-08-31,00:00:00,4748.255,4748.255
2017-09-02,00:00:00,4580.38748,4580.38748
2017-09-04,00:00:00,4344.09831666667,4344.09831666667
2017-09-06,00:00:00,4641.82201666667,4641.82201666667
2017-09-08,00:00:00,4310.75018333333,4310.75018333333
2017-09-10,00:00:00,4329.955,4329.955
2017-09-12,00:00:00,4219.03661666667,4219.03661666667
2017-09-14,00:00:00,3319.63,3319.63
2017-09-16,00:00:00,3763.62604,3763.62604
2017-09-18,00:00:00,4093.31666666667,4093.31666666667
2017-09-20,00:00:00,3977.56166666667,3977.56166666667
2017-09-22,00:00:00,3637.50255,3637.50255
2017-09-24,00:00:00,3703.04065,3703.04065
2017-09-26,00:00:00,3910.30738333333,3910.30738333333
2017-09-28,00:00:00,4201.98905,4201.98905
2017-09-30,00:00:00,4335.36831666667,4335.36831666667
2017-10-02,00:00:00,4386.88375,4386.88375
2017-10-04,00:00:00,4225.175,4225.175
2017-10-06,00:00:00,4345.60333333333,4345.60333333333
2017-10-08,00:00:00,4602.28088333333,4602.28088333333
2017-10-10,00:00:00,4782.28,4782.28
2017-10-12,00:00:00,5325.13068333333,5325.13068333333
2017-10-14,00:00:00,5739.43873333333,5739.43873333333
2017-10-16,00:00:00,5711.20586666667,5711.20586666667
2017-10-18,00:00:00,5546.1761,5546.1761
2017-10-20,00:00:00,5979.45984,5979.45984
2017-10-22,00:00:00,5983.18455,5983.18455
2017-10-24,00:00:00,5505.82776666667,5505.82776666667
2017-10-26,00:00:00,5893.13841666667,5893.13841666667
2017-10-28,00:00:00,5776.69695,5776.69695
2017-10-30,00:00:00,6105.87422,6105.87422
2017-11-01,00:00:00,6665.30668333333,6665.30668333333
2017-11-03,00:00:00,7197.72006,7197.72006
2017-11-05,00:00:00,7377.01236666667,7377.01236666667
2017-11-07,00:00:00,7092.12723333333,7092.12723333333
2017-11-09,00:00:00,7158.03706,7158.03706
2017-11-11,00:00:00,6362.85103333333,6362.85103333333
2017-11-13,00:00:00,6550.22753333333,6550.22753333333
2017-11-15,00:00:00,7301.42992,7301.42992
2017-11-17,00:00:00,7786.88436666667,7786.88436666667
2017-11-19,00:00:00,8007.65406666667,8007.65406666667
2017-11-21,00:00:00,8059.8,8059.8
2017-11-23,00:00:00,8148.95,8148.95
2017-11-25,00:00:00,8707.40726666667,8707.40726666667
2017-11-27,00:00:00,9718.29505,9718.29505
2017-11-29,00:00:00,9879.32833333333,9879.32833333333
2017-12-01,00:00:00,10883.912,10883.912
2017-12-03,00:00:00,11332.622,11332.622
2017-12-05,00:00:00,11878.4333333333,11878.4333333333
2017-12-07,00:00:00,16501.9716666667,16501.9716666667
2017-12-09,00:00:00,15142.8341521233,15142.8341521233
2017-12-11,00:00:00,16762.1166666667,16762.1166666667
2017-12-13,00:00:00,16808.3666666667,16808.3666666667
2017-12-15,00:00:00,17771.9,17771.9
2017-12-17,00:00:00,19289.785,19289.785
2017-12-19,00:00:00,17737.1116666667,17737.1116666667
2017-12-21,00:00:00,16047.51,16047.51
2017-12-23,00:00:00,15360.2616666667,15360.2616666667
2017-12-25,00:00:00,14119.0283333333,14119.0283333333
2017-12-27,00:00:00,15589.3216666667,15589.3216666667
2017-12-29,00:00:00,14640.14,14640.14
2017-12-31,00:00:00,14165.575,14165.575
2018-01-02,00:00:00,15005.8566666667,15005.8566666667
2018-01-04,00:00:00,15199.355,15199.355
2018-01-06,00:00:00,17319.198,17319.198
2018-01-08,00:00:00,15265.9066666667,15265.9066666667
2018-01-10,00:00:00,15126.3983333333,15126.3983333333
2018-01-12,00:00:00,13912.882,13912.882
2018-01-14,00:00:00,13852.92,13852.92
2018-01-16,00:00:00,11180.9983333333,11180.9983333333
2018-01-18,00:00:00,11345.4233333333,11345.4233333333
2018-01-20,00:00:00,12950.7933333333,12950.7933333333
2018-01-22,00:00:00,10544.5933333333,10544.5933333333
2018-01-24,00:00:00,11282.2583333333,11282.2583333333
2018-01-26,00:00:00,10969.815,10969.815
2018-01-28,00:00:00,11765.71,11765.71
2018-01-30,00:00:00,10184.0616666667,10184.0616666667
2018-02-01,00:00:00,9083.25833333333,9083.25833333333
2018-02-03,00:00:00,9076.67833333333,9076.67833333333
2018-02-05,00:00:00,6838.81666666667,6838.81666666667
2018-02-07,00:00:00,8099.95833333333,8099.95833333333
2018-02-09,00:00:00,8535.51666666667,8535.51666666667
2018-02-11,00:00:00,8343.455,8343.455
2018-02-13,00:00:00,8597.7675,8597.7675
2018-02-15,00:00:00,9977.154,9977.154
2018-02-17,00:00:00,10841.9916666667,10841.9916666667
2018-02-19,00:00:00,11110.965,11110.965
2018-02-21,00:00:00,10532.7916666667,10532.7916666667
2018-02-23,00:00:00,10162.1166666667,10162.1166666667
2018-02-25,00:00:00,9696.59333333333,9696.59333333333
2018-02-27,00:00:00,10763.8833333333,10763.8833333333
2018-03-01,00:00:00,11009.3816666667,11009.3816666667
2018-03-03,00:00:00,11326.9483333333,11326.9483333333
2018-03-05,00:00:00,11595.54,11595.54
2018-03-07,00:00:00,10118.058,10118.058
2018-03-09,00:00:00,9089.27833333333,9089.27833333333
2018-03-11,00:00:00,9761.39666666667,9761.39666666667
2018-03-13,00:00:00,9154.7,9154.7
2018-03-15,00:00:00,8358.12166666667,8358.12166666667
2018-03-17,00:00:00,7993.67464364167,7993.67464364167
2018-03-19,00:00:00,8412.03333333333,8412.03333333333
2018-03-21,00:00:00,8947.75333333334,8947.75333333334
2018-03-23,00:00:00,8686.82666666667,8686.82666666667
2018-03-25,00:00:00,8617.29666666667,8617.29666666667
2018-03-27,00:00:00,7876.195,7876.195
2018-03-29,00:00:00,7172.28,7172.28
2018-03-31,00:00:00,6935.48,6935.48
2018-04-02,00:00:00,7035.84833333333,7035.84833333333
2018-04-04,00:00:00,6787.76166666667,6787.76166666667
2018-04-06,00:00:00,6603.87666666667,6603.87666666667
2018-04-08,00:00:00,7017.65666666667,7017.65666666667
2018-04-10,00:00:00,6787.57166666667,6787.57166666667
2018-04-12,00:00:00,7847.845,7847.845
2018-04-14,00:00:00,8036.51105140833,8036.51105140833
2018-04-16,00:00:00,8043.80333333333,8043.80333333333
2018-04-18,00:00:00,8164.937425765,8164.937425765
2018-04-20,00:00:00,8852.71833333333,8852.71833333333
2018-04-22,00:00:00,8838.54833333333,8838.54833333333
2018-04-24,00:00:00,9555.542,9555.542
2018-04-26,00:00:00,9258.39833333333,9258.39833333333
2018-04-28,00:00:00,9326.17333333333,9326.17333333333
2018-04-30,00:00:00,9259.57,9259.57
2018-05-02,00:00:00,9221.426,9221.426
2018-05-04,00:00:00,9710.73,9710.73
2018-05-06,00:00:00,9630.13627668333,9630.13627668333
2018-05-08,00:00:00,9228.60833333333,9228.60833333333
2018-05-10,00:00:00,9101.48333333333,9101.48333333333
2018-05-12,00:00:00,8484.34666666667,8484.34666666667
2018-05-14,00:00:00,8652.03833333333,8652.03833333333
2018-05-16,00:00:00,8340.70333333333,8340.70333333333
2018-05-18,00:00:00,8240.055,8240.055
2018-05-20,00:00:00,8507.40666666667,8507.40666666667
2018-05-22,00:00:00,8015.58,8015.58
2018-05-24,00:00:00,7566.19333333333,7566.19333333333
2018-05-26,00:00:00,7342.90833333333,7342.90833333333
2018-05-28,00:00:00,7130.54166666667,7130.54166666667
2018-05-30,00:00:00,7385.395,7385.395
2018-06-01,00:00:00,7535.14666666667,7535.14666666667
2018-06-03,00:00:00,7699.886,7699.886
2018-06-05,00:00:00,7615.72214209667,7615.72214209667
2018-06-07,00:00:00,7676.27166666667,7676.27166666667
2018-06-09,00:00:00,7564.40833333333,7564.40833333333
2018-06-11,00:00:00,6875.67833333333,6875.67833333333
2018-06-13,00:00:00,6315.7,6315.7
2018-06-15,00:00:00,6434.088,6434.088
2018-06-17,00:00:00,6464.41166666667,6464.41166666667
2018-06-19,00:00:00,6737,6737
2018-06-21,00:00:00,6733.90166666667,6733.90166666667
2018-06-23,00:00:00,6141.60583333333,6141.60583333333
