date,close,volume,open,high,low
2013/06/12,59.43,464342,59.8,60.16,59.09
2013/06/13,60.02,448773,59.25,60.23,58.89
2013/06/14,59.59,341497,60.07,60.1,59.38
2013/06/17,59.55,524426,59.94,60.3365,59.16
2013/06/18,60.44,478263,59.72,60.67,59.72
2013/06/19,59.77,416231,60.42,60.83,59.75
2013/06/20,57.53,725351,59.15,59.23,57.37
2013/06/21,57.5,1161581,57.7,57.909,56.81
2013/06/24,57.01,955581,56.5,57.23,55.75
2013/06/25,57.57,673479,57.47,57.97,56.97
2013/06/26,57.69,699879,58.11,58.27,57.61
2013/06/27,58.8,542874,58.27,58.88,58.12
2013/06/28,58.15,4689276,58.77,59.22,58.06
2013/07/01,59.91,737781,58.6,60.35,58.41
2013/07/02,60.14,677897,59.99,60.54,59.87
2013/07/03,60.23,577946,59.73,60.61,59.71
2013/07/05,61.01,435960,60.95,61.32,60.25
2013/07/08,61.18,742244,61.27,61.48,60.86
2013/07/09,62.14,423399,61.57,62.26,60.98
2013/07/10,62.24,295560,62.04,62.4099,61.56
2013/07/11,63,406638,62.89,63.2257,62.342
2013/07/12,63.33,423569,62.88,63.79,62.8
2013/07/15,63.61,389498,63.7,64.07,63.24
2013/07/16,63.16,520241,63.96,64.15,62.99
2013/07/17,63.05,390275,63.26,63.37,62.95
2013/07/18,63.95,622088,63.05,63.96,63.04
2013/07/19,63.58,417679,63.8,64.03,63.39
2013/07/22,63.61,576444,63.5,63.88,63.33
2013/07/23,59.43,3132471,64.32,64.4488,58.67
2013/07/24,61.01,2134293,60.13,61.24,59.94
2013/07/25,61.5,1069925,61.04,61.55,60.62
2013/07/26,62.36,1332960,61.35,62.615,61.26
2013/07/29,61.88,542567,62.02,62.2799,61.65
2013/07/30,62.13,500642,62.08,62.46,61.63
2013/07/31,62.58,507014,62.23,62.9,62.14
2013/08/01,63.81,812223,63,64.7,62.85
2013/08/02,63.15,562877,63.7,63.85,63.01
2013/08/05,64,590835,63.15,64.4,63.0752
2013/08/06,62.95,745104,63.94,64.145,62.82
2013/08/07,62.5,651136,62.89,63.15,62.48
2013/08/08,62.7,476072,62.92,63.2,62.62
2013/08/09,62.77,421498,62.71,63.07,62.31
2013/08/12,62.41,513013,62.49,63.17,62.37
2013/08/13,62.12,645094,62.42,62.51,61.22
2013/08/14,62.49,485792,61.97,62.62,61.54
2013/08/15,61.6,516959,61.88,62.13,61.37
2013/08/16,61.46,424485,61.59,61.59,61
2013/08/19,61.03,486363,61.46,61.73,60.99
2013/08/20,61.91,278542,61.15,62.23,61
2013/08/21,61.5,244087,61.78,62.09,61.36
2013/08/22,62.57,228426,61.58,62.75,61.58
2013/08/23,62.22,253585,62.64,62.8599,61.82
2013/08/26,61.87,383832,62.29,62.62,61.71
2013/08/27,61.16,363150,61.23,61.4695,60.93
2013/08/28,61.8,290104,61.07,62.04,60.86
2013/08/29,62.05,249562,61.73,62.23,61.41
2013/08/30,61.44,481258,61.99,62.0275,61.35
2013/09/03,61.46,690103,61.62,62.17,60.95
2013/09/04,62.13,340343,61.41,62.2,61.3
2013/09/05,62.09,210855,62.05,62.4,61.8
2013/09/06,61.58,514796,62.15,62.3899,61.09
2013/09/09,63.04,1119271,62.04,63.07,62.04
2013/09/10,64.7,451860,63.74,64.73,63.4
2013/09/11,64.84,373123,64.27,65,64.1
2013/09/12,65.25,379352,64.92,65.3695,64.53
2013/09/13,66.12,381638,65.3,66.18,64.91
2013/09/16,66.26,376233,66.82,66.98,65.81
2013/09/17,66.86,374324,66.41,66.86,65.93
2013/09/18,67.28,301077,66.9,67.42,66.2899
2013/09/19,67.62,230156,67.21,67.71,67.08
2013/09/20,66.74,497570,67.7,67.7,66.2
2013/09/23,66.98,333790,66.64,67.21,65.93
2013/09/24,67.31,473647,66.96,67.8,66.59
2013/09/25,66.89,225687,67.21,67.53,66.38
2013/09/26,67.65,277934,66.94,67.77,66.81
2013/09/27,67.55,443115,67.43,67.754,67.01
2013/09/30,67.95,956501,66.5,68.38,66.47
2013/10/01,69.52,732151,68.12,69.55,67.99
2013/10/02,69.63,841835,68.06,69.92,68.06
2013/10/03,68.34,1576375,68.48,69.409,67.97
2013/10/04,68.73,365790,68.26,69.06,67.916
2013/10/07,68.36,574767,68.05,68.86,68.01
2013/10/08,67.43,717653,68.36,68.7,67.4
2013/10/09,66.59,776634,67.42,67.54,66.54
2013/10/10,67.18,937262,67.29,67.395,66.63
2013/10/11,68.36,584632,66.92,68.39,66.92
2013/10/14,68.85,556358,68.08,69.04,67.75
2013/10/15,64.9,2366819,67.34,67.34,64.89
2013/10/16,66.66,1017931,65.6,66.82,65.45
2013/10/17,66.63,666371,66.44,66.68,65.93
2013/10/18,67.05,784234,67,67.29,66.32
2013/10/21,66.98,522523,66.99,67.39,66.87
2013/10/22,67.21,632069,67.09,67.3,66.56
2013/10/23,66.35,537880,67,67.2099,66.05
2013/10/24,67.39,933202,66.61,67.49,66.21
2013/10/25,67.51,390795,67.55,67.9,67.15
2013/10/28,67.63,320775,67.67,67.99,67.21
2013/10/29,68.36,425423,67.88,68.405,67.53
2013/10/30,67.87,378352,68.58,68.61,67.5451
2013/10/31,67.06,489073,67.92,67.92,66.9
2013/11/01,66.89,379289,67.19,67.4,66.58
2013/11/04,67.1,299540,67.08,67.63,66.92
2013/11/05,68.01,424618,66.9,68.48,66.59
2013/11/06,67.93,254107,68.37,68.55,67.834
2013/11/07,66.7,312424,68.04,68.272,66.66
2013/11/08,67.6,281845,66.67,67.77,66.67
2013/11/11,67.81,292129,67.76,68.46,67.76
2013/11/12,68.44,430296,67.75,68.47,67.59
2013/11/13,69.21,361418,67.93,69.22,67.78
2013/11/14,69.22,295737,69.18,69.25,68.68
2013/11/15,68.84,319482,69.22,69.45,68.35
2013/11/18,67.87,327843,68.92,69.0215,67.54
2013/11/19,67.66,639303,67.66,67.91,67.16
2013/11/20,67.99,365786,67.95,68.34,67.62
2013/11/21,69.15,457267,68.29,69.4191,68.07
2013/11/22,69.75,380206,69.14,70.1,69.11
2013/11/25,69.52,330912,69.9,69.94,68.98
2013/11/26,69.4,343153,69.48,69.63,69.26
2013/11/27,69.31,303851,69.5,69.77,69.0164
2013/11/29,69.13,169740,69.44,69.64,69.06
2013/12/02,68.57,347233,68.94,69.13,68.39
2013/12/03,68.24,600148,68.1,68.51,67.78
2013/12/04,68.71,347543,67.92,69.05,67.92
2013/12/05,69.31,400803,68.88,69.59,68.45
2013/12/06,69.78,246871,69.35,69.94,69.17
2013/12/09,70.62,627573,70.41,71.17,70.25
2013/12/10,69.74,427851,70.6,70.77,69.74
2013/12/11,69.02,339235,69.53,69.86,68.73
2013/12/12,69.03,397125,68.75,69.26,68.28
2013/12/13,69.19,368665,69.1,69.39,68.901
2013/12/16,69.51,315847,69.37,70.06,69.28
2013/12/17,69.52,437237,69.47,69.73,69.28
2013/12/18,69.96,440462,69.66,69.96,68.53
2013/12/19,68.68,367933,69.83,69.99,68.46
2013/12/20,68.95,822582,67.85,68.98,67.69
2013/12/23,69.68,358848,68.99,69.8,68.906
2013/12/24,69.86,454674,69.78,70.15,69.72
2013/12/26,70.68,310178,69.93,71.055,69.85
2013/12/27,70.2,239714,70.93,71.05,70.07
2013/12/30,69.92,240131,70.16,70.22,69.61
2013/12/31,69.65,361334,70.15,70.38,69.33
2014/01/02,68.94,407339,69.65,69.65,68.74
2014/01/03,68.98,415493,69.01,69.25,68.81
2014/01/06,69.1,799620,69.11,69.4,68.6801
2014/01/07,69.67,486992,69.54,69.97,69.349
2014/01/08,69.78,851384,69.62,70.18,69.41
2014/01/09,70.28,576481,70.12,70.59,69.54
2014/01/10,71.21,623681,70.46,71.3647,70.24
2014/01/13,70.95,623974,71.27,71.97,70.68
2014/01/14,71,360336,71.07,71.28,70.67
2014/01/15,71.21,612651,71.12,71.72,70.39
2014/01/16,71.08,445456,71.13,71.62,70.79
2014/01/17,71.65,660288,71.19,71.68,71.04
2014/01/21,72.01,579707,72,72.21,71.65
2014/01/22,73.39,615682,72.01,73.41,72
2014/01/23,72.85,693423,73.31,73.4,72.7
2014/01/24,71.18,649513,72.51,72.69,71.18
2014/01/27,70.11,477325,71.35,71.45,69.6203
2014/01/28,69.86,480865,70.24,70.73,69.65
2014/01/29,68.7,786516,69.37,69.53,68.52
2014/01/30,69.57,978629,69.37,69.96,68.79
2014/01/31,70.61,645879,68.81,71,68.5004
2014/02/03,67.58,1001886,70.69,71.05,67.19
2014/02/04,68.3,863997,67.8,68.8,67.66
2014/02/05,67.17,1333223,68.14,68.18,66.18
2014/02/06,67.66,527528,67.23,68.25,67.02
2014/02/07,69.5,526573,67.95,69.52,67.74
2014/02/10,69.88,473692,69.39,69.97,69.03
2014/02/11,70.46,346597,70.05,70.78,69.721
2014/02/12,70.81,415390,70.26,70.91,70
2014/02/13,71.8,425305,70.44,71.99,70.22
2014/02/14,72.18,348678,71.63,72.4,71.395
2014/02/18,72.06,573975,72.24,72.54,71.85
2014/02/19,71.84,467583,71.75,72.7997,71.571
2014/02/20,72.26,357326,71.93,72.52,71.72
2014/02/21,73.25,538549,72.43,73.36,72.087
2014/02/24,74.69,936569,73.25,74.84,73.23
2014/02/25,75.03,1204169,76.95,77.74,74.18
2014/02/26,77.65,1360102,75.5,77.89,75.26
2014/02/27,77.99,925484,77.5,78.35,77.13
2014/02/28,79.06,854276,78.27,79.4,78.11
2014/03/03,78.78,749272,78.28,79.01,77.68
2014/03/04,79.48,652597,79.48,79.93,79.14
2014/03/05,79.11,349517,79.63,79.63,78.86
2014/03/06,79.19,344121,79.08,79.67,78.9
2014/03/07,79.34,324824,79.46,79.67,78.9
2014/03/10,79.56,321057,79.38,79.78,78.92
2014/03/11,79.05,387911,79.68,80.13,78.71
2014/03/12,79.92,544215,78.55,79.98,78.41
2014/03/13,78.91,647195,80.31,80.47,78.61
2014/03/14,79.56,429940,79.69,80.14,79.25
2014/03/17,80.02,377880,80,80.52,79.75
2014/03/18,79.98,387860,80.2,80.61,79.69
2014/03/19,78.27,425448,79.79,80,78.141
2014/03/20,78.84,519391,78.09,79.02,77.87
2014/03/21,77.53,747669,79.09,79.57,77.49
2014/03/24,76.84,716840,77.81,78.1,75.81
2014/03/25,76.64,328093,77.47,78.075,76.51
2014/03/26,75.54,397285,76.96,77.09,75.5
2014/03/27,75.26,377525,75.35,75.56,74.75
2014/03/28,76.23,408603,75.3,77.05,75.3
2014/03/31,76.97,312020,76.68,77.27,76.61
2014/04/01,78.62,472008,77,78.67,77
2014/04/02,78.2,469357,78.8,78.91,77.9
2014/04/03,77.62,431103,78.43,78.94,77.3801
2014/04/04,75.43,512460,78.07,78.07,75.19
2014/04/07,73.68,715722,75.15,75.2,73.0123
2014/04/08,75.75,629815,73.9,75.77,73.61
2014/04/09,76.61,391916,75.8,76.68,75.28
2014/04/10,74.29,356161,76.57,76.7153,74.09
2014/04/11,72.71,635084,73.63,74.265,72.421
2014/04/14,73.75,370718,73.68,74.59,73.15
2014/04/15,74.17,537263,73.74,74.49,73.32
2014/04/16,74.97,223899,74.92,75.07,74.48
2014/04/17,74.28,250016,74.98,75.45,74.25
2014/04/21,74.36,196804,74.15,74.81,74
2014/04/22,75.51,270657,74.47,75.62,74.31
2014/04/23,75.26,426180,75.67,75.86,75.04
2014/04/24,75.09,372786,75.63,75.66,74.47
2014/04/25,73.76,215161,74.62,75.04,73.73
2014/04/28,72.69,386237,74.12,74.37,71.6701
2014/04/29,72.58,488564,73.02,73.5,72.06
2014/04/30,74.38,685562,72.5,74.54,72.2475
2014/05/01,71.8,960147,74.58,74.6396,71.52
2014/05/02,72.99,531013,72.01,73.47,71.8542
2014/05/05,72.51,403969,72.58,72.99,71.91
2014/05/06,72.25,481553,72.22,72.9,71.92
2014/05/07,71.55,504827,72.55,72.83,71.07
2014/05/08,71.13,518204,71.29,72.26,70.69
2014/05/09,71.2,491172,71.09,71.44,70.58
2014/05/12,72.45,412305,71.59,72.56,71.31
2014/05/13,71.71,287020,72.39,72.59,71.59
2014/05/14,71.25,317622,71.51,71.66,71.0003
2014/05/15,71.21,371759,71.12,71.34,70.3
2014/05/16,71.53,172215,71.13,71.6198,70.83
2014/05/19,72.02,281397,71.31,72.59,71.31
2014/05/20,71.24,438808,71.91,71.91,70.79
2014/05/21,71.74,223486,71.28,71.94,70.96
2014/05/22,73.16,378117,71.78,73.27,71.78
2014/05/23,72.9,288114,73.3,73.32,72.62
2014/05/27,73.34,281259,73.23,73.4,72.919
2014/05/28,72.42,316451,73.37,73.44,72.42
2014/05/29,72.47,206860,72.67,72.9,72.081
2014/05/30,72.45,311549,72.3,72.51,71.96
2014/06/02,72.99,245046,72.59,73.04,71.69
2014/06/03,72.67,241475,72.75,73.02,72.28
2014/06/04,73.23,204192,72.5,73.46,72.47
2014/06/05,73.31,212627,73.37,73.75,72.87
2014/06/06,73.91,210144,73.35,74.11,73.1
2014/06/09,73.42,145480,73.87,74.06,73.24
2014/06/10,73.06,357995,73.73,73.94,72.3
2014/06/11,73.36,240929,72.54,73.52,72.36
2014/06/12,72.36,262449,73.38,73.38,72.25
2014/06/13,72.54,213285,72.37,72.89,72.13
2014/06/16,72.18,239295,72.39,72.575,72.06
2014/06/17,71,975433,70.87,71.3,70.2326
2014/06/18,71.99,423613,70.9,71.99,70.56
2014/06/19,71.84,334525,72.42,72.68,71.77
2014/06/20,71.8,634374,71.66,72,71.54
2014/06/23,71.58,569852,71.95,71.95,71.19
2014/06/24,72.12,526178,71.6,72.4,71.26
2014/06/25,72.42,324457,71.88,72.72,71.57
2014/06/26,72.57,421993,72.42,72.7099,71.96
2014/06/27,72.98,421103,72.44,73.35,72.28
2014/06/30,73.09,431425,72.81,73.13,72.455
2014/07/01,74.04,419115,73.24,74.32,73.24
2014/07/02,73.42,320184,73.86,74.05,73.101
2014/07/03,73.63,271575,73.43,73.771,73.17
2014/07/07,73.55,290521,73.58,73.89,73.32
2014/07/08,73.4,488522,73.38,73.9299,73.021
2014/07/09,74.63,269613,73.68,74.68,73.68
2014/07/10,73.7,316406,73.7,74.071,73.34
2014/07/11,73.58,186743,73.58,73.83,73.2172
2014/07/14,73.65,196632,73.83,73.98,73.47
2014/07/15,73.25,265623,73.63,73.88,72.865
2014/07/16,73.04,625987,73.63,73.87,72.69
2014/07/17,72.6,423972,72.56,73.17,72
2014/07/18,73.23,385603,73.01,73.875,72.7
2014/07/21,73.39,529195,73.18,73.6,72.95
2014/07/22,76.11,1232143,74.28,76.44,74.05
2014/07/23,75.43,588331,76.29,76.426,75.36
2014/07/24,74.61,448496,75.54,75.61,74.59
2014/07/25,74.23,439206,74.45,74.64,73.97
2014/07/28,74.04,332359,74.38,74.64,73.96
2014/07/29,73.87,393296,74.42,74.61,73.82
2014/07/30,73.55,301858,74.16,74.32,73.12
2014/07/31,72,395727,72.71,73.274,72
2014/08/01,70.17,985030,71.6,72.41,69.76
2014/08/04,71.3,806953,71.38,71.59,70.85
2014/08/05,71.3,576230,71.06,71.86,70.94
2014/08/06,71.33,453776,71.1,72.04,71.04
2014/08/07,71.34,315934,71.65,72.13,71.23
2014/08/08,72.06,405400,71.48,72.06,71.4
2014/08/11,72.75,271380,72.43,72.765,71.99
2014/08/12,73.7,541842,72.78,73.81,72.76
2014/08/13,74.49,333078,74,74.63,73.57
2014/08/14,74.75,192562,74.46,74.77,74.12
2014/08/15,74.55,214165,74.99,74.99,74.03
2014/08/18,75.04,225127,74.81,75.365,74.81
2014/08/19,75.15,157740,75.3,75.396,74.97
2014/08/20,74.66,261408,75.04,75.15,74.41
2014/08/21,74.75,337669,74.82,74.91,74.21
2014/08/22,74.03,253202,74.6,74.6,74.02
2014/08/25,75.03,177205,74.6,75.09,74.35
2014/08/26,75.25,221879,75.01,75.52,74.73
2014/08/27,75.16,230831,75.34,75.41,74.98
2014/08/28,75.26,184584,74.96,75.42,74.63
2014/08/29,75.45,276019,75.29,75.71,75.03
2014/09/02,76,311405,75.65,76.15,75.43
2014/09/03,75.61,325510,76.15,76.24,75.305
2014/09/04,75.38,162782,75.55,75.94,75.14
2014/09/05,76.43,198105,75.24,76.47,75.15
2014/09/08,76.06,334470,76.33,76.5,75.68
2014/09/09,75.54,268926,75.85,76.24,75.44
2014/09/10,76.22,262119,75.46,76.26,75.45
2014/09/11,76.24,198309,75.86,76.38,75.75
2014/09/12,76.03,271470,76.24,76.26,75.71
2014/09/15,76.21,203868,76.17,76.34,75.85
2014/09/16,76.58,420266,75.96,76.76,75.758
2014/09/17,76.57,304707,76.59,76.944,76.23
2014/09/18,76.74,378749,76.8,77,76.28
2014/09/19,77,510477,76.77,77.23,76.3
2014/09/22,75.86,258675,76.94,76.96,75.66
2014/09/23,75.83,270034,75.79,76.39,75.67
2014/09/24,76.36,172070,75.83,76.485,75.81
2014/09/25,76.3,302634,76.43,76.49,75.76
2014/09/26,77.27,338008,76.4,77.86,76.21
2014/09/29,77.63,359318,76.6,77.76,76.4376
2014/09/30,76.96,599898,77.43,77.54,76.51
2014/10/01,77.1,1339626,76.9,77.32,76.08
2014/10/02,77.58,553479,77.23,77.79,76.87
2014/10/03,77.7,553672,77.91,78.18,77.58
2014/10/06,77.85,349919,77.83,78.05,77.34
2014/10/07,76.81,459969,77.45,77.68,76.73
2014/10/08,77.92,607252,77.05,78.01,76.31
2014/10/09,76.7,403692,77.91,77.95,76.64
2014/10/10,76.41,496105,76.56,77.38,76.2
2014/10/13,75.72,782830,76.14,77.44,75.64
2014/10/14,84.3,2276667,78.22,84.51,78
2014/10/15,83.65,1552973,83.6,84.73,83.31
2014/10/16,83.93,1071097,82.55,84.33,82.51
2014/10/17,84.84,562027,84.7,85,84.31
2014/10/20,86,399561,84.86,86.15,84.86
2014/10/21,85.99,858039,85.9,86.27,85.251
2014/10/22,86.45,553450,86.12,86.84,85.77
2014/10/23,87.3,765930,86.945,87.43,86.55
2014/10/24,87.68,488951,87.33,88.03,87.05
2014/10/27,88.26,319778,87.65,88.35,87.36
2014/10/28,89,393590,88.66,89,88.01
2014/10/29,88.98,342707,88.53,89.1,88.18
2014/10/30,88.88,275671,88.97,89.3,88.62
2014/10/31,88.79,533595,89.2,89.32,88.63
2014/11/03,89.55,395752,89.15,89.679,88.83
2014/11/04,90.25,464517,89.65,90.37,89.65
2014/11/05,90.5,486304,89.85,90.53,89.59
2014/11/06,90.85,490821,90.62,91.22,90.06
2014/11/07,90.8,299529,90.64,90.89,90.35
2014/11/10,92.08,264877,90.87,92.2402,90.61
2014/11/11,91.57,265091,92.23,92.38,91.28
2014/11/12,91.65,425645,91.21,91.86,90.76
2014/11/13,91.87,256268,91.99,92.45,91.36
2014/11/14,91.46,241949,91.95,92.48,91.28
2014/11/17,91.02,295065,91.46,92.1,91
2014/11/18,91.52,305263,91.16,91.83,91
2014/11/19,91.41,271533,91.61,91.715,90.63
2014/11/20,92.47,361321,91.17,93.09,91.07
2014/11/21,92.7,337909,93.2,93.28,92.3
2014/11/24,93.37,254574,92.82,93.65,92.32
2014/11/25,93.16,312834,93.28,93.64,92.82
2014/11/26,93.23,194125,93.11,93.613,92.82
2014/11/28,93.85,228630,92.83,95.49,92.83
2014/12/01,94.2,382548,93.79,95.719,93.58
2014/12/02,95.09,582114,94.2,95.23,94.16
2014/12/03,95.7,232451,95.31,95.97,94.86
2014/12/04,95.93,308472,95.73,96.35,95.47
2014/12/05,94.89,361181,96.1,96.21,94.67
2014/12/08,95.4,270821,94.25,96.08,94.02
2014/12/09,94.92,191090,94.94,95.03,93.88
2014/12/10,93.32,239810,94.56,95.25,93.21
2014/12/11,94.12,380806,93.49,94.63,93.39
2014/12/12,95.07,257798,93.68,95.68,93.0432
2014/12/15,94,322174,94.91,95.31,93.52
2014/12/16,92.92,418003,93.73,93.85,92.26
2014/12/17,93.43,433806,93.16,93.92,91.9
2014/12/18,94.45,430204,93.89,94.45,93.13
2014/12/19,95.69,758493,94.7,96.43,94.66
2014/12/22,95.9,339935,95.83,97.15,95.06
2014/12/23,95.62,317800,96.02,96.945,95.49
2014/12/24,95.39,125564,95.61,96.63,95.32
2014/12/26,95.45,162634,95.34,95.85,95.27
2014/12/29,95.44,327071,95.55,96.11,95.33
2014/12/30,94.92,347863,95.53,96.39,94.8
2014/12/31,94.17,293615,95.36,95.58,94.15
2015/01/02,94.29,400849,94.3,95.018,93.55
2015/01/05,95.47,570766,95.36,95.94,94.09
2015/01/06,94.29,727764,94.42,95.64,93.165
2015/01/07,97.5,624600,95.35,97.59,94.96
2015/01/08,100.78,706058,98.44,100.8,98.17
2015/01/09,100.5,679417,100.78,100.9,99.794
2015/01/12,102.12,427073,100.71,102.21,100.51
2015/01/13,101.7,634504,102.5,103.92,101.24
2015/01/14,98.91,767570,100.24,102.1,98.77
2015/01/15,96.83,1481796,98.01,98.39,94.88
2015/01/16,98.49,704424,96.49,98.57,95.79
2015/01/20,97.51,477077,98.95,98.95,97.13
2015/01/21,97.38,391158,97.28,97.81,96.841
2015/01/22,99.01,325418,98,99.15,97.4
2015/01/23,98.1,399598,99.14,99.58,98.08
2015/01/26,98.74,372731,98,98.92,97.98
2015/01/27,98.93,346434,98.05,99.38,97.76
2015/01/28,99.89,478756,99.8,100.95,98.94
2015/01/29,101.29,530808,100.13,101.6,99.03
2015/01/30,99.05,468701,100.43,101.17,99.02
2015/02/02,98.08,423172,99.6,99.78,96.762
2015/02/03,99.37,286759,98.8,99.44,97.47
2015/02/04,99.72,300944,98.32,100.51,98.27
2015/02/05,99.74,230650,100,100.42,99.04
2015/02/06,99.86,283997,99.77,100.38,98.95
2015/02/09,98.63,249977,99.19,99.87,98
2015/02/10,100.93,305496,99.33,101.5,99.2005
2015/02/11,100.45,219904,101.13,101.3393,99.72
2015/02/12,100.56,320005,100.51,100.92,99.5701
2015/02/13,100,228795,100.1,100.64,99.18
2015/02/17,100.67,202042,100,100.89,99.46
2015/02/18,101.85,366237,100.74,102.09,100.53
2015/02/19,101.75,300955,102.23,102.5088,101.57
2015/02/20,102.5,461336,101.93,103.08,101.666
2015/02/23,104.5,922754,102.53,104.77,102.5
2015/02/24,103.53,1606710,103.5,106.459,102.07
2015/02/25,103.93,661544,103.53,104.92,102.51
2015/02/26,104,364569,103.9,104.89,103.69
2015/02/27,101.53,667753,104,104,101.35
2015/03/02,104.44,591748,101.91,104.51,101.74
2015/03/03,102.83,476146,104.56,104.56,102.615
2015/03/04,103.28,347959,102.15,103.325,101.73
2015/03/05,103.38,303300,103.74,104.52,103.22
2015/03/06,100.87,353788,103.1,103.1,100.68
2015/03/09,101.36,320015,100.82,101.95,100.72
2015/03/10,99.03,581583,100.97,100.97,99.02
2015/03/11,98.16,490045,99.08,99.45,98
2015/03/12,100.72,483599,98.17,100.89,98.16
2015/03/13,99.72,212605,100.46,101.2499,99.53
2015/03/16,101.53,314649,100.41,101.7,100
2015/03/17,102.15,314702,101.53,102.42,101.26
2015/03/18,102.17,362107,102.15,102.39,100.64
2015/03/19,103.77,289862,102.16,104.22,102.16
2015/03/20,104.63,696549,104.4,105,104.21
2015/03/23,104.02,255855,104.64,104.8,103.4135
2015/03/24,104.09,373639,103.88,104.83,103.38
2015/03/25,101.11,213111,103.98,103.98,101.11
2015/03/26,100.54,260068,100.65,101.51,99.68
2015/03/27,101.05,287868,100.6,101.83,100.34
2015/03/30,102.55,267426,101.74,102.735,101.17
2015/03/31,100.55,323576,102.39,102.56,100.46
2015/04/01,100.5,324470,100.28,100.81,99.21
2015/04/02,100.99,241203,100.29,101.08,99.585
2015/04/06,100.81,499173,100.18,101.54,100
2015/04/07,99.39,377625,100.76,100.95,99.35
2015/04/08,100.29,521195,99.31,100.84,99.31
2015/04/09,99.2,602267,99.82,100.67,98.65
2015/04/10,100.5,434655,99.42,100.94,99.41
2015/04/13,100.2,320178,100.22,101,100.0001
2015/04/14,98.49,554162,100.2,100.502,98.1
2015/04/15,98.36,522264,98.95,100.08,98.01
2015/04/16,100.43,559140,98.77,100.65,98.77
2015/04/17,99.24,298301,100.08,100.32,98.72
2015/04/20,99.66,292024,100,100.64,99.33
2015/04/21,99.4,270156,99.95,100.13,99.3
2015/04/22,99.8,606573,98.97,100.52,98.6
2015/04/23,109.23,2409450,106.86,110.6595,106.86
2015/04/24,113.96,1178278,110,114,109.7
2015/04/27,110.25,786499,113.73,113.82,110.04
2015/04/28,111.79,496522,110.35,112.16,109.1
2015/04/29,109.39,517122,111.14,111.4025,108.12
2015/04/30,107.85,429971,108.81,109.68,107.72
2015/05/01,108.34,350678,108.56,110.05,107.47
2015/05/04,107.93,410325,108.8,109.92,107.85
2015/05/05,105.71,493577,107.93,109.47,105.63
2015/05/06,106.13,343236,106.1,106.82,105.25
2015/05/07,107.93,348709,105.88,108.595,105.628
2015/05/08,109.13,363694,109.16,109.9799,108.36
2015/05/11,109.84,349622,109.1,110.51,108.57
2015/05/12,109.06,528655,109.13,109.94,107.51
2015/05/13,108.68,227803,109.01,109.74,108.5
2015/05/14,109.91,290016,109.32,110.18,108.4801
2015/05/15,110.34,246685,110.23,110.4,109.23
2015/05/18,111.09,287847,110.25,111.29,109.796
2015/05/19,110.55,256279,111.36,111.42,110.27
2015/05/20,110.41,178845,110.28,111.14,109.2472
2015/05/21,110.07,168813,110.03,110.38,109.61
2015/05/22,109.03,190258,110.07,110.24,108.94
2015/05/26,108.56,324161,108.8,109.18,107.44
2015/05/27,108.65,421005,108.53,109.42,108.53
2015/05/28,109.21,367231,108.85,109.99,108.602
2015/05/29,108.66,404881,109.11,109.69,108.25
2015/06/01,109.05,546029,109.58,109.73,108.44
2015/06/02,108.87,606391,108.48,109.43,108.05
2015/06/03,108.99,484846,109.49,109.83,108.75
2015/06/04,109.03,580934,108.75,109.35,108.21
2015/06/05,110,526560,108.84,110.18,108.2
2015/06/08,109.87,443808,109.7,110.6,109.011
2015/06/09,110.43,355452,109.96,110.55,108.79
2015/06/10,112.39,310790,110.52,112.58,109.99
2015/06/11,111.93,255333,112.44,112.9,111.41
2015/06/12,112.29,226280,111.67,113.09,111.39
2015/06/15,110.81,220212,111.16,111.35,110.3201
2015/06/16,110.76,203670,110.54,111.41,110.35
2015/06/17,110.92,211706,110.97,111.5,109.9
2015/06/18,112.57,269211,111.35,113.2,111.291
2015/06/19,111.91,356814,112.71,112.77,111.83
2015/06/22,113.86,346414,112.79,113.88,112.15
2015/06/23,113.62,211069,113.98,113.98,112.83
2015/06/24,111.64,379734,113.31,113.8206,111.56
2015/06/25,111.72,589182,112.28,112.87,111.17
2015/06/26,114.9,878002,112.46,115.24,112.04
2015/06/29,114,734243,112.15,114.41,111.85
2015/06/30,113.4,558530,114.11,114.97,113.08
2015/07/01,114.55,381878,114.77,115.43,114.41
2015/07/02,113.88,295780,114.68,115.02,113.21
2015/07/06,113.13,412025,113.01,113.34,112.48
2015/07/07,113.42,445071,113.37,113.95,112.1
2015/07/08,113.24,424767,112.41,114.49,112.4
2015/07/09,113.69,599461,114.45,115,113.57
2015/07/10,115.92,345618,115.02,116.25,114.01
2015/07/13,119.43,703492,117.31,119.729,116.69
2015/07/14,118.79,536755,119.22,119.7,118.22
2015/07/15,118.54,546840,118.8,119.31,117.9
2015/07/16,115.57,1300523,116.96,119,114.53
2015/07/17,110.04,2244756,115.2,115.32,109.57
2015/07/20,111.04,762342,109.97,111.83,109.97
2015/07/21,111.37,536075,110.95,111.57,110.1001
2015/07/22,112.31,608613,111.22,112.8563,111.22
2015/07/23,111.65,467407,112.71,113.23,111.53
2015/07/24,110.96,530798,112.33,112.76,110.89
2015/07/27,111.31,452851,110.72,112.41,110.56
2015/07/28,111.77,371433,111.47,111.99,110.745
2015/07/29,113.51,436336,111.6,113.8,111.6
2015/07/30,113.84,295122,113.51,114.08,112.09
2015/07/31,113.84,365826,114.19,114.91,113.404
2015/08/03,114.27,337117,113.84,114.69,113.388
2015/08/04,115.23,354174,114.42,115.61,113.95
2015/08/05,114.4,400644,115.54,116.27,114.25
2015/08/06,111.84,482251,114.42,114.78,111.66
2015/08/07,113.43,416170,111.94,113.58,110.8
2015/08/10,113.14,295020,113.73,114.4,112.51
2015/08/11,113.49,556227,112.69,113.56,111.6
2015/08/12,111.88,412245,112,112.41,109.58
2015/08/13,114.2,333316,111.97,114.46,111.94
2015/08/14,114.17,239408,114.2,114.499,113.17
2015/08/17,114.99,295909,113.75,114.99,112.88
2015/08/18,112.9,320014,115,115.06,112.86
2015/08/19,110.53,751256,112.4,112.4,110.41
2015/08/20,107.66,569326,109.88,110.303,107.32
2015/08/21,104.48,888450,106.18,107.08,104.45
2015/08/24,101.78,736306,99.25,105.26,99
2015/08/25,105.02,1039181,103.53,106.3,103.08
2015/08/26,106.3,572468,106.66,106.66,103.26
2015/08/27,107.8,328161,107.27,108.52,106.2701
2015/08/28,108.41,255140,108.8,108.8,107
2015/08/31,105.94,330590,107.75,108.265,105.74
2015/09/01,103.85,812727,103.76,105.35,103.33
2015/09/02,105.18,454203,104.6,105.565,104.23
2015/09/03,105.15,303670,105.36,105.94,104.35
2015/09/04,105.5,496170,104.22,105.53,104.0795
2015/09/08,109,455690,107.49,109.18,106.68
2015/09/09,108.18,561888,111.73,111.98,107.96
2015/09/10,107.93,384549,107.78,108.64,107.53
2015/09/11,110.22,304616,107.62,110.24,107.31
2015/09/14,110.29,262811,110.22,110.96,109.37
2015/09/15,111.82,638133,110.15,111.92,109.13
2015/09/16,111.62,339056,111.54,111.99,110.0934
2015/09/17,112.6,386868,111.63,113.64,110.87
2015/09/18,111.68,593982,111.68,113.09,111.4
2015/09/21,111.03,358624,112.17,112.645,110.22
2015/09/22,110.87,299923,109.89,111.17,109.39
2015/09/23,110.97,177305,111.17,111.32,110.2
2015/09/24,110.29,383929,110.18,110.72,108.91
2015/09/25,112.95,666339,110.8,114.7,110.65
2015/09/28,108.54,839615,112,112.84,107.48
2015/09/29,105.87,1031110,107.81,107.81,104.3
2015/09/30,107.91,539604,107.47,108.71,106.98
2015/10/01,105.33,723954,107.99,108.92,103.5
2015/10/02,106.88,1005305,105.42,106.96,103.75
2015/10/05,108.35,767287,107.07,108.43,105.91
2015/10/06,107.26,656004,108.74,109.21,106.86
2015/10/07,108.03,960668,107.37,108.29,105.74
2015/10/08,102.64,3788650,102.58,107.75,100.56
2015/10/09,105.38,1251508,102.83,106.33,102.76
2015/10/12,106.08,587633,105.16,107,104.96
2015/10/13,106.17,648778,105.46,106.63,105.46
2015/10/14,104.37,716730,106.74,107.285,103.97
2015/10/15,105.86,649991,104.4,106.01,103.51
2015/10/16,106.22,407095,106,106.56,105.37
2015/10/19,107.25,494484,105.87,107.44,105.38
2015/10/20,106.19,346808,107.43,107.47,105.88
2015/10/21,103.46,771833,105.71,105.735,102.37
2015/10/22,103.96,365131,104.18,104.6999,102.74
2015/10/23,104.1,499579,104.92,105.45,103.37
2015/10/26,105.81,380998,103.79,105.86,103.66
2015/10/27,104.96,418596,105.79,106.17,104.42
2015/10/28,109.71,1465655,105.51,110.1,105.49
2015/10/29,109.4,524168,110.13,110.52,108.73
2015/10/30,106.67,531911,109.74,110.055,106.53
2015/11/02,108.75,491675,106.55,109.65,106.488
2015/11/03,107.17,417054,108.29,108.8188,107.02
2015/11/04,105.05,592397,106.7,108.26,103.88
2015/11/05,104.11,577354,105.39,105.8597,103.27
2015/11/06,104.44,434222,104.07,104.5,102.86
2015/11/09,103.04,648841,104.21,104.21,102.15
2015/11/10,104.23,382876,102.62,104.255,102.36
2015/11/11,105.21,399367,104.51,105.945,103.99
2015/11/12,102.89,402889,105.08,105.14,102.58
2015/11/13,101.62,366849,102.8,103.37,101.38
2015/11/16,103.49,415281,101.02,103.63,100.59
2015/11/17,102.24,497692,103.8,104.83,102.16
2015/11/18,104.07,437974,102.24,104.33,102.2
2015/11/19,104.52,478669,104,105.865,102.07
2015/11/20,105.02,459608,104.99,105.64,104.231
2015/11/23,107.71,526728,104.94,108.11,104.94
2015/11/24,107.44,422289,107.06,107.86,105.715
2015/11/25,109.15,413170,107.86,109.62,107.17
2015/11/27,108.65,108461,109.1,109.785,108.26
2015/11/30,107.47,359578,108.5,109.13,107.23
2015/12/01,108.86,411694,107.71,109.53,107.71
2015/12/02,108.8,647930,108.73,109.68,108.21
2015/12/03,107.44,523378,109.25,109.67,106.9
2015/12/04,109.83,698250,107.88,110.22,107.59
2015/12/07,110.39,680171,109.83,110.99,109.3725
2015/12/08,109.94,696287,109.3,110.88,109.22
2015/12/09,109.1,722020,109.79,110.8399,108.08
2015/12/10,109.34,565014,109.47,110.22,108.71
2015/12/11,108.64,629398,108.11,108.975,107.71
2015/12/14,109.38,513400,108.41,109.76,108.19
2015/12/15,109.93,718454,110.09,110.385,109.54
2015/12/16,109.22,1006285,110.17,110.91,108.59
2015/12/17,109.37,856963,109.77,110.5,109.29
2015/12/18,108.84,655260,109.2,109.74,107.25
2015/12/21,109.73,868767,109.35,110.13,109.12
2015/12/22,109.41,730352,110,110,108.03
2015/12/23,109.48,654777,109.35,109.63,108.1
2015/12/24,109.54,506027,109.61,109.7,109.16
2015/12/28,110.13,1176404,109.67,110.18,108.36
2015/12/29,112,1034600,110.4,112.8,110.17
2015/12/30,111.51,572706,112.41,112.82,111.27
2015/12/31,111.25,596622,111.15,112.45,110.8611
2016/01/04,109.23,867798,109.96,110.5,108.27
2016/01/05,109.93,808958,109.83,110.625,109.36
2016/01/06,109.77,901766,107.89,110.04,107.58
2016/01/07,106.75,962994,108,109.49,106.73
2016/01/08,108.97,1002209,107.09,109.8,107.02
2016/01/11,106.22,1025024,109.19,110.0999,105.25
2016/01/12,109.76,905538,106.62,109.98,106.62
2016/01/13,107.96,1449516,109.71,110.64,107.64
2016/01/14,107.14,791896,107.97,108.24,104.8
2016/01/15,104.16,1672071,105.16,105.33,101.01
2016/01/19,104.92,728969,104.66,106.32,103.78
2016/01/20,106.46,1033980,103.22,107.02,101.3
2016/01/21,107.71,1205389,106.7,108.49,105.43
2016/01/22,111.6,1499892,108.49,111.8,108.3
2016/01/25,110.73,882842,111.96,112,110.3
2016/01/26,112.17,528584,110.77,112.69,110.29
2016/01/27,111.06,421885,111.66,112.37,110.36
2016/01/28,112.2,463989,111.52,112.71,110.47
2016/01/29,113.93,796319,112.26,113.98,111.48
2016/02/01,114.35,734739,113.55,114.76,113.07
2016/02/02,113.75,616354,113.79,114.17,112.76
2016/02/03,113.8,799880,114.12,114.51,112.19
2016/02/04,114,612026,113.57,114.29,112.5
2016/02/05,110.37,929996,114,114.48,109.99
2016/02/08,108.16,1085086,109,109.02,106.34
2016/02/09,105.62,1310222,107.2,108.815,104.1
2016/02/10,107,716325,106.95,109.14,106.72
2016/02/11,106.9,919038,105.45,107.54,104.18
2016/02/12,109.5,660627,107.84,110.2,107.31
2016/02/16,111.08,597446,110.57,111.485,109.58
2016/02/17,112.95,911798,111.54,114.53,111.54
2016/02/18,112.04,869990,112.74,113.78,111.8
2016/02/19,112.87,1564414,112.03,113.23,110.9
2016/02/22,115.09,814503,114.21,115.86,113.42
2016/02/23,117.62,1344834,115.13,118.05,115.035
2016/02/24,117.61,2304444,117,119,115.85
2016/02/25,132.9,4694288,126.9,133.92,124.48
2016/02/26,134.39,2031284,133.03,135.28,132.51
2016/02/29,133.04,1789577,133.58,135.43,131
2016/03/01,134.15,1545152,133.76,134.97,131.65
2016/03/02,133.06,1112933,133.39,133.75,131.76
2016/03/03,132.84,1109291,132.15,133.24,130.51
2016/03/04,132.99,1488163,132.91,133.96,131.99
2016/03/07,134.02,994593,132.46,134.56,131.8283
2016/03/08,134.24,800615,133.14,135.99,133.06
2016/03/09,133.78,840823,134.56,136.33,133.36
2016/03/10,133.01,738880,134.58,135.47,131.49
2016/03/11,131.72,972490,133.58,133.8,131.51
2016/03/14,132.65,703363,131.99,132.84,131.17
2016/03/15,131.2,601924,131.61,132.6379,131.17
2016/03/16,131.85,520214,130.81,132.29,130.61
2016/03/17,131.27,383137,131.54,131.99,130.94
2016/03/18,130.81,1129902,130.93,132.09,130.16
2016/03/21,131.17,739067,131,131.66,130.91
2016/03/22,130.73,584361,131.58,131.98,130.3
2016/03/23,130.12,627610,131.06,131.5095,130
2016/03/24,128.74,690513,129.85,129.85,128.42
2016/03/28,129.15,465187,129.38,130.13,128.53
2016/03/29,130.09,644473,129.25,130.16,128.69
2016/03/30,130.97,712867,130.78,131.3385,130
2016/03/31,131.86,883939,130.83,132.17,129.8
2016/04/01,133.47,676621,131.49,134.1,131.2362
2016/04/04,133.36,582988,133.85,134.39,132.7
2016/04/05,132.32,623567,131.97,133.28,131.195
2016/04/06,135.94,964173,132.68,136.08,132.42
2016/04/07,136.26,841579,135.27,137.61,135.27
2016/04/08,137.05,559898,137,137.71,135.69
2016/04/11,137.24,635925,137.94,139.42,137.12
2016/04/12,136.74,589025,136.46,137.09,135.3
2016/04/13,137.14,517773,136.92,137.67,136.22
2016/04/14,137.27,404252,137.55,137.94,136.37
2016/04/15,138.62,366533,137.42,138.65,136.7
2016/04/18,138.65,269800,138.12,139.04,137.7
2016/04/19,137.52,333961,138.49,138.8022,136.795
2016/04/20,140.01,776906,137.99,140.8,137.7866
2016/04/21,137.9,550354,140.37,140.48,137.85
2016/04/22,132.41,1475827,135.34,136.16,131.73
2016/04/25,133.67,723883,132.48,134.13,132.45
2016/04/26,133.81,786649,134,134.7512,132.9801
2016/04/27,133.63,1234053,133.85,134.52,131.6274
2016/04/28,120.47,4548203,121.03,124.89,120.08
2016/04/29,120.88,1495337,121.06,121.5,119.02
2016/05/02,120.37,1359156,120.92,121.65,119.12
2016/05/03,118.56,1123720,119.94,120.04,118.0796
2016/05/04,119.02,861308,117.69,119.75,116.91
2016/05/05,119.93,1066355,119.11,120.45,117.72
2016/05/06,119.31,661881,119.29,120.24,117.6
2016/05/09,121.51,620338,119.23,122.34,119.23
2016/05/10,122.22,649918,121.75,122.47,120.51
2016/05/11,119.83,575599,121.94,122.05,119.345
2016/05/12,121.46,579807,120.4,122,120.095
2016/05/13,121.95,1023738,121.03,123.682,120.71
2016/05/16,123.17,796749,122.26,123.43,121.3774
2016/05/17,121.07,594729,122.45,122.81,120.6
2016/05/18,121.13,803398,120.7,122.42,118.82
2016/05/19,120.82,537961,119.99,121.965,119.94
2016/05/20,123.06,776408,121.41,123.16,121.41
2016/05/23,121.88,1134971,123,123.315,121.8
2016/05/24,122.52,1313890,121.94,123.29,121.83
2016/05/25,121.29,932543,123.39,123.49,121.1101
2016/05/26,123,998293,121.29,123.18,121.12
2016/05/27,122.18,596571,123.43,123.49,121.97
2016/05/31,120.88,3110425,122.48,123.12,120.59
2016/06/01,121.4,1108522,120.6,121.87,120.351
2016/06/02,123.25,694589,121.11,123.25,120.79
2016/06/03,122.21,550075,123.07,123.07,121.23
2016/06/06,124.36,601430,122.03,124.69,121.8
2016/06/07,124.82,720653,124.33,125.14,123.45
2016/06/08,126.39,903975,124.71,126.41,124.36
2016/06/09,127.48,548667,126,127.58,126
2016/06/10,126.25,541726,126.65,127.08,125.73
2016/06/13,124.79,501546,125.19,126.23,124.69
2016/06/14,126.36,626822,124.34,126.63,123.84
2016/06/15,126.38,454822,126.58,127.52,126.08
2016/06/16,126.95,509513,125.38,127.31,124.47
2016/06/17,127.29,739517,126.59,127.72,126.02
2016/06/20,127.49,506244,128.44,128.827,127.08
2016/06/21,127.33,497534,127.71,127.92,127.08
2016/06/22,125.32,778866,126.05,126.48,124.48
2016/06/23,127.25,499305,126.39,127.672,125.54
2016/06/24,124.97,852578,125.34,128.09,124.66
2016/06/27,122.08,1114569,124,124.61,120.97
2016/06/28,124.53,538290,123.16,124.57,122.35
2016/06/29,126.88,589204,125.18,126.95,125.18
2016/06/30,131.38,1594150,127.66,131.67,127.66
2016/07/01,132.59,638203,131.45,132.77,130.96
2016/07/05,133.93,806997,132.59,133.95,131.86
2016/07/06,134.98,897857,132.91,135.23,132.87
2016/07/07,133.86,691484,135.16,135.35,132.5
2016/07/08,135.11,546167,134.44,137.02,134.15
2016/07/11,136,950544,135.59,136.15,134.22
2016/07/12,135.65,641317,136.04,136.47,135.5
2016/07/13,135.42,582183,135.24,136.37,135
2016/07/14,135.64,506422,136.32,136.66,135.22
2016/07/15,135.7,666637,135.88,136.27,134.92
2016/07/18,135.55,555602,135.97,136.18,134.78
2016/07/19,135.55,743941,135.93,136.18,135.09
2016/07/20,136.89,1332465,136.3,137.87,135.8
2016/07/21,144.66,3245808,144.94,146.73,142.06
2016/07/22,148.78,1213507,145.28,148.989,145.125
2016/07/25,147.69,1047432,148.13,149.13,147.3
2016/07/26,146.13,1048204,146.85,147.88,145.67
2016/07/27,147.23,571769,146.42,147.3,145.42
2016/07/28,147.25,329694,147.27,147.78,146.36
2016/07/29,147.3,432425,147.2,147.71,146.11
2016/08/01,147.52,487952,146.94,148.03,146.31
2016/08/02,145.45,476210,147.04,147.33,144.64
2016/08/03,146.16,350641,145.66,146.17,144.805
2016/08/04,146.5,311564,146.21,147.3999,145.84
2016/08/05,146.18,393690,146.8,147.37,146.11
2016/08/08,144.7,413637,145.82,145.95,144.29
2016/08/09,144.92,296023,144.5,145.77,144.5
2016/08/10,145,152471,144.76,145.4,144.555
2016/08/11,146.02,228967,145.54,146.715,145.08
2016/08/12,146.13,189709,145.12,146.7,144.84
2016/08/15,145.15,330052,145.95,146.97,144.81
2016/08/16,143.97,349488,145.08,145.59,143.53
2016/08/17,144.57,327876,144.2,144.685,143.47
2016/08/18,147.13,679836,144.32,147.819,144.32
2016/08/19,147.28,516760,147.12,148,146.13
2016/08/22,150.07,850459,147.32,150.44,147.28
2016/08/23,150.48,374642,150.5,151.2,149.76
2016/08/24,149.82,610576,150.64,150.84,149.51
2016/08/25,150.24,269567,149.17,150.67,149.0301
2016/08/26,148.35,601538,150.55,150.78,147.15
2016/08/29,149.99,388741,148.35,150.58,148
2016/08/30,149.43,454435,150.05,150.3,148.23
2016/08/31,149.57,392027,148.75,149.9,148.39
2016/09/01,149.01,401671,149.17,149.822,148.4
2016/09/02,151,383215,149.45,151.18,149.45
2016/09/06,150.18,525708,151.14,151.14,149.28
2016/09/07,150.48,327333,149.93,150.7,149.55
2016/09/08,149.24,341782,150.42,150.57,148.96
2016/09/09,146.13,522176,148.43,148.5,145.65
2016/09/12,150.21,565175,145.18,150.31,145
2016/09/13,149.66,525336,149.87,151.2899,149.16
2016/09/14,150.3,486652,150.13,150.78,148.95
2016/09/15,151.79,544374,149.96,152.07,149.49
2016/09/16,150.03,955450,151.57,151.75,149.8
2016/09/19,151.51,551312,150.94,152.35,150.67
2016/09/20,151.94,279608,151.65,152.78,151.53
2016/09/21,152.61,385936,152.45,153.28,150.82
2016/09/22,154.08,908937,153.5,155.1,152.56
2016/09/23,154.26,497950,153.95,154.86,153.19
2016/09/26,153.49,280257,153.9,154.105,152.96
2016/09/27,153.63,279901,153.46,154.24,153.0501
2016/09/28,152.78,482080,153.46,153.97,151.42
2016/09/29,151.75,442970,152.33,153.215,150.91
2016/09/30,151.85,610264,151.73,152.73,151.45
2016/10/03,151.58,513234,152.12,153.12,150.95
2016/10/04,151.47,382686,151.75,152.79,150.28
2016/10/05,150.97,420118,151.96,152.499,150.8
2016/10/06,151.13,404102,150.79,151.589,150.23
2016/10/07,150.84,274963,151.6,151.8,150
2016/10/10,153.19,805024,151.6,153.38,151.6
2016/10/11,152.38,455785,153.5,153.94,151.72
2016/10/12,152.24,583075,151.95,152.6778,151.23
2016/10/13,150.31,495047,151.84,151.84,149.67
2016/10/14,151.12,1169226,153.7,153.86,150.77
2016/10/17,152.01,1147416,151.56,153.38,151.23
2016/10/18,159.45,3543532,158.01,163.73,157.55
2016/10/19,165.02,2134981,159.06,165.04,158.26
2016/10/20,165.4,1071615,164.79,165.72,163.92
2016/10/21,166.36,798190,165.31,166.515,164.78
2016/10/24,166.53,484677,167.17,167.25,166.18
2016/10/25,164.89,593369,165.87,166.36,164.6
2016/10/26,164.8,425349,164.33,165.479,163.8
2016/10/27,165.94,554861,165.22,166.25,164.52
2016/10/28,167.92,636245,165.53,168.09,165
2016/10/31,169.24,618110,168.25,169.51,167.23
2016/11/01,167.56,704181,169.85,169.98,166.6
2016/11/02,167.25,505443,167.35,168.47,167.07
2016/11/03,166.17,506823,167.07,167.925,166
2016/11/04,166.76,595594,165.54,167.14,165.47
2016/11/07,168.21,438639,168.57,169.475,167.48
2016/11/08,168.89,370548,168.53,169.3,167.25
2016/11/09,170.36,528869,167.36,171.38,167.31
2016/11/10,161.11,2151473,171.51,171.51,160.0101
2016/11/11,159.62,1008058,161.33,162.93,158.06
2016/11/14,157.17,1114930,160.3,161.22,153.58
2016/11/15,161.34,874561,157.3,161.55,156.61
2016/11/16,161.57,558665,161.01,163.45,160.15
2016/11/17,161.57,601239,161.59,162.5,160.397
2016/11/18,164.31,513030,162.34,164.53,162.08
2016/11/21,166.46,508581,164.72,166.59,164.72
2016/11/22,168.47,435969,166.7,168.56,166.05
2016/11/23,170.56,352497,168.12,170.56,168.07
2016/11/25,172.26,276681,170.53,172.62,170.09
2016/11/28,170.04,392479,171.66,171.89,169.58
2016/11/29,170.87,398255,169.88,171.48,168.79
2016/11/30,168.04,606797,170.91,170.93,167.89
2016/12/01,168.7,487652,168.38,169.04,165.46
2016/12/02,168,371294,167.92,169.21,167.05
2016/12/05,166.29,667452,168.73,169.21,165.98
2016/12/06,169.09,381459,166.96,169.14,166.84
2016/12/07,167.72,815433,168.78,169.6,166.51
2016/12/08,164.53,751440,167.73,168.62,163.6501
2016/12/09,163.57,501615,165.27,165.86,162.36
2016/12/12,161.87,765079,162.94,164.02,157.97
2016/12/13,161.86,494678,162.05,163.3,161.2101
2016/12/14,161.99,473444,162.52,163.63,161.24
2016/12/15,159.78,628063,162.5,162.75,159.71
2016/12/16,160.04,871028,160.27,160.61,159.25
2016/12/19,161.23,573001,160.21,161.71,159.895
2016/12/20,161.1,305561,161.11,162.98,160.85
2016/12/21,162.63,387850,161.3,163.93,161.2051
2016/12/22,161.33,432445,163.11,163.45,160.73
2016/12/23,161.57,276957,161.16,161.915,160.39
2016/12/27,161.97,269587,161.46,162.5,161.08
2016/12/28,161.25,292613,161.65,162.5399,160.745
2016/12/29,162.36,308469,161.38,162.959,161.01
2016/12/30,159.24,491490,162.5,162.5,158.94
2017/01/03,158.36,797593,159.22,159.41,156.26
2017/01/04,162.99,678867,158.41,163.33,158.05
2017/01/05,162.77,482054,162.95,164,161.6
2017/01/06,163.49,548495,163.12,164.4,162.18
2017/01/09,164.51,478622,163.33,165.33,163.09
2017/01/10,166.36,834199,164.98,172,164.53
2017/01/11,168.96,705210,166.91,169.29,166.41
2017/01/12,168.36,601076,168.23,170.055,167.03
2017/01/13,167.16,475747,168.22,168.81,166.35
2017/01/17,164.93,483701,166.65,167.36,164.32
2017/01/18,165.57,527763,164.97,165.82,164.49
2017/01/19,166.04,340838,166,166.35,165.19
2017/01/20,167.87,436873,167.92,168.72,167.11
2017/01/23,167.04,584030,167.68,168.41,165.67
2017/01/24,169.51,601599,167.16,169.75,167.16
2017/01/25,170.57,295836,170,170.85,169.56
2017/01/26,170.94,322058,169.76,171.32,169.23
2017/01/27,172.02,462264,170.55,172.39,170.07
2017/01/30,173.93,655437,171.13,174.02,170.99
2017/01/31,174.54,821473,173.7,175.09,172.51
2017/02/01,170.89,662219,174.81,175.84,170.0604
2017/02/02,174.91,1155205,171.67,175.04,170.66
2017/02/03,175.89,750089,175.23,177.3,174.32
2017/02/06,177.94,844481,175.23,178.08,175.04
2017/02/07,182.96,1561431,178.82,184.1,178.59
2017/02/08,185.18,837932,183.11,185.5998,182.45
2017/02/09,185.9,704360,185.81,187.6,185.32
2017/02/10,186.37,647252,185.16,187.94,184.59
2017/02/13,183.8,781173,187,187.45,183.76
2017/02/14,184.91,526174,183.27,185.28,182.88
2017/02/15,185.94,618160,183.59,186.215,183.51
2017/02/16,186.1,313627,186.28,186.49,184.75
2017/02/17,187.93,458793,186.11,187.99,184.76
2017/02/21,188.92,450353,188.21,189.88,188.12
2017/02/22,183,1356996,186.54,187.215,182.06
2017/02/23,186.3,1029108,183,186.33,182.39
2017/02/24,186.28,859088,185.66,187.86,184.97
2017/02/27,185.42,1227988,185.7,187.89,184.81
2017/02/28,189.81,2158197,186.57,191.83,182.26
2017/03/01,187.45,1154935,191.64,192.01,185.53
2017/03/02,189.37,802394,187.89,189.65,187.14
2017/03/03,189.04,566689,190.21,190.4,188.535
2017/03/06,188.89,430328,188.29,189.39,187.33
2017/03/07,189.3,442434,187.84,190.11,187.83
2017/03/08,188.36,398751,189.31,190.0171,188.26
2017/03/09,184.69,1050039,187.31,187.5,183.75
2017/03/10,186.73,687307,185.07,188.07,185
2017/03/13,186.79,616691,185.96,187.36,184.92
2017/03/14,183.67,693915,186.42,187.13,183.03
2017/03/15,186.27,917281,184.12,187.37,183.34
2017/03/16,185.62,759374,186.27,186.3,183.09
2017/03/17,184.83,869780,185.79,186.411,184.31
2017/03/20,183.69,929815,184.72,185.21,182.54
2017/03/21,184.02,1115263,184.78,186.28,182.74
2017/03/22,184.13,691193,184.07,186.2,182.9
2017/03/23,184.35,481251,184.58,186.71,183.25
2017/03/24,182.95,907279,184.39,185.915,182.2
2017/03/27,183.95,523494,182,184.1,181.23
2017/03/28,184.94,438858,183.91,185.45,182.41
2017/03/29,182.77,560538,185.05,186.11,182.56
2017/03/30,184.11,614153,183.25,185.2,183.25
2017/03/31,184.3,479884,184.02,185.55,183.12
2017/04/03,186.23,751123,184.07,187.3,184.07
2017/04/04,186.36,555012,186.71,187.71,185.93
2017/04/05,185.14,538282,187.15,187.88,184.59
2017/04/06,186,401850,185.11,186.94,184.51
2017/04/07,175.16,2876972,182.05,182.87,174.92
2017/04/10,173.75,1143225,175.17,176.45,173.19
2017/04/11,175.51,781390,173.9,175.75,173
2017/04/12,175.13,691749,176.23,176.45,174.81
2017/04/13,174.04,690676,175.14,175.81,173.94
2017/04/17,175.04,676439,173.86,175.71,173.86
2017/04/18,176.63,1208760,174.84,177.75,174.84
2017/04/19,175.71,971667,177.01,177.42,175.51
2017/04/20,176.91,459920,176.79,177.08,175.07
2017/04/21,179.3,917838,177.61,180.15,177.45
2017/04/24,180.59,915516,181.71,181.8,179.835
2017/04/25,180.59,670150,181.04,182.0353,179.78
2017/04/26,180.96,1278916,181.98,182.49,179.64
2017/04/27,185.55,2422005,187.1,188.85,183.77
2017/04/28,181.39,1068379,184.46,184.95,181.14
2017/05/01,182.16,621472,181,182.82,181
2017/05/02,184.41,916686,182.44,184.49,182.01
2017/05/03,187.07,913095,185,187.21,184.36
2017/05/04,190.39,1022316,187,191.08,186.85
2017/05/05,193.12,778755,190.42,193.53,189.6353
2017/05/08,192.29,701723,193.19,193.22,191.63
2017/05/09,195.36,688478,192.99,196.025,191.39
2017/05/10,195.67,649990,193.98,196.36,193.4
2017/05/11,195.38,419787,195.54,196.21,194.102
2017/05/12,195.28,398616,195.39,196.39,194.75
2017/05/15,196.52,826576,195.93,198,195.6416
2017/05/16,196.23,430058,197.78,197.89,196.03
2017/05/17,191.46,595348,195.64,196.04,191.42
2017/05/18,194.71,1096157,191.26,195.32,189.12
2017/05/19,195.8,644645,195.2,197.2531,193.55
2017/05/22,198.82,603569,197.47,198.98,196.51
2017/05/23,199.25,488886,198.85,199.75,198.81
2017/05/24,205.97,1082986,199.48,206.02,199.48
2017/05/25,208.04,878782,205.41,208.3,205.07
2017/05/26,207.05,635959,207.01,207.72,206.645
2017/05/30,208.49,467399,207,208.68,206.68
2017/05/31,211.72,739012,208.91,212.05,208.06
2017/06/01,215.34,899344,213.78,215.49,210.88
2017/06/02,218.05,728972,215.69,219.41,214.58
2017/06/05,217.1,449271,217.99,218.21,216
2017/06/06,217.85,912227,217,218.43,216.17
2017/06/07,218.15,514063,218.51,218.63,215.68
2017/06/08,217.88,410192,218.22,218.58,216.71
2017/06/09,206.19,1365836,213.9,215.135,204.63
2017/06/12,204.07,905885,205,205.93,201.1
2017/06/13,208.4,712360,204.83,210.14,204.36
2017/06/14,210.56,709352,209.42,212.745,208.83
2017/06/15,209.56,437995,208.96,209.91,206.345
2017/06/16,210.84,1406618,209.82,211.95,208.93
2017/06/19,215.73,920144,211.13,215.87,211.025
2017/06/20,215.03,601734,215.84,217.62,214.01
2017/06/21,216.09,402748,215.57,216.79,214.96
2017/06/22,218.09,571755,216.08,218.43,215.18
2017/06/23,217.05,624107,217.89,218.63,215.695
2017/06/26,218.88,566451,217.52,221.58,217.06
2017/06/27,213.14,620292,219.44,219.44,213
2017/06/28,213.6,739671,213.51,214.49,211.27
2017/06/29,210.75,652574,213.51,213.51,207.76
2017/06/30,211.53,534761,211.27,213.65,210.61
2017/07/03,209.92,176950,211.55,212.47,209.19
2017/07/05,208.03,582591,209.24,211.06,207.19
2017/07/06,208.84,624585,206.96,210.25,205.1646
2017/07/07,212.32,444206,209.23,213.7499,209.23
2017/07/10,211.62,571960,212.69,212.84,209.3987
2017/07/11,212.11,775595,211.22,212.57,209.67
2017/07/12,213.54,515314,212.46,214.97,211.6
2017/07/13,210.45,838531,213.81,214.32,209.585
2017/07/14,209.21,799367,210.39,211.72,208.81
2017/07/17,208.25,1169388,209.11,209.8898,206
2017/07/18,211.45,962497,208.74,212.5,208.265
2017/07/19,212.52,654329,212.57,212.6,209.94
2017/07/20,212.44,608438,213.22,213.77,209.68
2017/07/21,213.22,542657,212.53,214.06,212.0681
2017/07/24,213.97,1157452,213.8,216.91,213.22
2017/07/25,192.4,4244604,207,207,192.06
2017/07/26,186.43,2889588,195,195,185
2017/07/27,182.43,1862055,186.43,186.94,181.09
2017/07/28,183.09,1167481,183.2,184.33,181.86
2017/07/31,186.5,1592585,184.08,186.72,183.445
2017/08/01,186.45,748466,186.72,187.69,185.19
2017/08/02,192.35,1829836,189,193.38,188.6
2017/08/03,198.23,1986623,192.95,199.8,192.5
2017/08/04,196.79,1180513,199.21,200.95,195.4001
2017/08/07,195.43,901910,197.41,198.89,194.85
2017/08/08,192.14,1089016,194.69,194.69,191.41
2017/08/09,193.83,1192847,191.13,194.1799,189.51
2017/08/10,192.53,786648,192.66,194.1116,191.66
2017/08/11,192.86,756034,189.04,194.7499,188.1001
2017/08/14,193.91,674469,194.8,195.1,192.19
2017/08/15,188.17,2029535,192.38,192.38,187.87
2017/08/16,187.67,1404103,188.11,189.105,186.44
2017/08/17,188.26,784815,186.65,190.7,186.45
2017/08/18,188.66,1275466,187.92,189,186.7879
2017/08/21,189.48,1023846,188.79,189.85,186.61
2017/08/22,189.01,750742,189.41,190.97,188.08
2017/08/23,187.69,692561,188.14,189.28,187.085
2017/08/24,183.3,1227823,187.98,188.23,183.24
2017/08/25,178.73,2112285,181.55,182.209,175.8
2017/08/28,178.76,1031141,178.79,180.11,176.65
2017/08/29,178.38,979052,178.02,178.72,176.1
2017/08/30,178.93,851218,178.47,179.84,177.02
2017/08/31,182.26,1084921,179.13,183.95,178.09
2017/09/01,183.59,707883,182.89,184.72,182.26
2017/09/05,182.5,745810,183,185.74,182.25
2017/09/06,182.63,813092,182.6,183.66,181.49
2017/09/07,183.32,591546,182.65,185,182.65
2017/09/08,186.43,943865,182.77,188.815,182.55
2017/09/11,189.02,1203208,187.4,191.97,187.4
2017/09/12,189.92,936077,189.15,190.2,185.63
2017/09/13,188.55,797334,189.44,190.77,186.69
2017/09/14,189.91,1037213,188.67,190.07,187.04
2017/09/15,194.68,1915834,189.64,194.83,189.04
2017/09/18,195.62,1345698,195.01,197.77,194.99
2017/09/19,195.93,850495,195.61,197.42,195.41
2017/09/20,197.58,1155501,196.92,199.14,195.77
2017/09/21,198.04,716743,198.12,199.69,197.6
2017/09/22,197.21,1031252,198.57,199.56,196.1
2017/09/25,193.42,1152543,197.26,197.265,190.36
2017/09/26,193.31,656302,193.41,194.98,191.755
2017/09/27,196.84,581558,193.92,197.45,193.89
2017/09/28,197.04,656856,196.27,197.88,195.55
2017/09/29,198.55,636346,197.27,198.7706,196.745
2017/10/02,199.99,1196587,199.79,203.565,199.37
2017/10/03,202.81,1254984,200.78,205.64,200.78
2017/10/04,201.64,957036,202,202.685,199.72
2017/10/05,206.02,838810,201.48,206.45,200.93
2017/10/06,205.39,893461,205.42,207.37,204.955
2017/10/09,205.8,768185,205.63,207.95,205.63
2017/10/10,209.44,1336312,208.33,211.75,206.69
2017/10/11,209.24,1827867,210,210.94,208.04
2017/10/12,201.03,4868550,199.95,205.36,196.7
2017/10/13,192.98,2573618,201.37,201.96,192.82
2017/10/16,193.19,1977682,192.66,195.42,189.505
2017/10/17,192.27,1316933,193.5,195.68,191.83
2017/10/18,187.79,1492951,192.27,192.7815,187.64
2017/10/19,186.12,1086323,187.5,187.65,183.621
2017/10/20,186.11,1553495,186.5,186.7,184.79
2017/10/23,182.63,1310583,186.2,187.28,182.63
2017/10/24,183.84,1059967,182.65,184.49,180.27
2017/10/25,185.75,1028035,183.5,185.84,181.62
2017/10/26,185.68,739606,185.76,187.41,185.16
2017/10/27,184.68,778311,187.34,187.34,184.01
2017/10/30,181.7,1045956,183.59,184.6,180.99
2017/10/31,183,774841,182,184.48,181.56
2017/11/01,177.25,1522805,182.32,182.41,176.07
2017/11/02,178.09,1120150,178.44,181.12,177.37
2017/11/03,177.94,1024824,178.68,180.38,177.53
2017/11/06,173.46,1992915,176.03,176.91,169.55
2017/11/07,170.1,1801751,173.43,174.46,168.86
2017/11/08,168.71,1461935,169.77,170.47,167.27
2017/11/09,173.21,1332096,168.6,173.28,166.74
2017/11/10,173.33,1165644,173.72,176.21,172.05
2017/11/13,173.03,672378,173.27,175.3,171.55
2017/11/14,175.66,923814,172.96,177.22,172.93
2017/11/15,175.76,957814,175.5,176.73,173.66
2017/11/16,177.47,1077049,177.32,179.94,176.09
2017/11/17,178.65,1133930,176.83,179,176.62
2017/11/20,177.77,881306,178.7,179.01,176.395
2017/11/21,176.88,712072,177.65,178.63,176.33
2017/11/22,176.55,765731,175.61,177.16,175
2017/11/24,177.34,306813,177.3,177.64,176.05
2017/11/27,174.52,893537,177.02,177.4,173.625
2017/11/28,172.29,1874315,171.31,172.56,168.56
2017/11/29,179.17,1651852,176.27,184.39,175.9545
2017/11/30,186.16,1316981,180.66,186.94,178.89
2017/12/01,184.62,1491759,185.78,185.98,179.29
2017/12/04,187.62,1341168,185.95,189.825,183.9
2017/12/05,185.5,707108,187.95,189.71,185.43
2017/12/06,181.17,635104,184.51,185.9199,180.98
2017/12/07,179.51,918667,181.05,181.59,178.72
2017/12/08,183.91,1486373,179.29,184.07,177.24
2017/12/11,180.96,1029043,183.22,183.22,179.3614
2017/12/12,180.61,669309,179.8,180.96,178.15
2017/12/13,180.51,637394,180.38,182.98,178.89
2017/12/14,182.52,1401677,180.13,184.38,179.47
2017/12/15,185.04,1287014,182.39,185.71,181.24
2017/12/18,186,1627851,185.9,188.84,185.75
2017/12/19,187.06,636578,187.25,188.5,186.27
2017/12/20,183.62,843769,187.6,187.92,182.84
2017/12/21,188.39,880965,183.59,188.97,182.75
2017/12/22,192.87,844433,190,193.02,187.8
2017/12/26,190.37,622736,192.2,192.81,189.96
2017/12/27,190.57,441446,190,191.965,189.15
2017/12/28,189.98,432025,190.8,190.8,189.31
2017/12/29,188.96,1015445,190.18,190.38,188.51
2018/01/02,186.94,926100,188.52,188.98,186.9
2018/01/03,191.66,646678,187.65,191.82,187.58
2018/01/04,197.29,1538650,197.25,202.265,197.01
2018/01/05,200.3,1158546,198.21,201.97,197.73
2018/01/08,203.61,1068301,200.14,203.74,198.675
2018/01/09,206.71,1153646,204.48,207.52,203.13
2018/01/10,200.09,2401529,198.5,201.2,196.18
2018/01/11,209.85,1464764,201.04,209.92,201.04
2018/01/12,211.15,1015014,209.5,212.79,209.21
2018/01/16,209.29,1104564,213.95,213.95,208.7926
2018/01/17,207.89,836481,209.29,209.7,207.29
2018/01/18,210.91,769097,208,210.985,207.51
2018/01/19,213.54,615679,211.47,214.97,211.25
2018/01/22,216.29,839799,213.47,216.29,211.88
2018/01/23,219.57,1145377,216.29,221.65,215.98
2018/01/24,218.72,836049,220.05,220.7,217.52
2018/01/25,219.33,761564,220.9,221.915,218.9
2018/01/26,216.78,765979,219.33,219.64,215.2535
2018/01/29,215.33,705373,215.7,218.67,214.5501
2018/01/30,215.95,614417,214.02,216.51,213.45
2018/01/31,216.85,699032,216.81,218,215.22
2018/02/01,218.67,687013,215.7,219.52,215.7
2018/02/02,214.38,775692,217.13,218.88,214.11
2018/02/05,208.02,941424,210.39,215.38,205.73
2018/02/06,208.46,1396074,202.15,210.84,200.51
2018/02/07,211.31,882550,207.83,213.11,207.68
2018/02/08,198.57,1443932,210.65,210.75,198.51
2018/02/09,206.09,1227236,200.28,207.55,199
2018/02/12,211.87,943140,208.41,212.735,206.02
2018/02/13,208,1275110,211.06,212.94,203.4
2018/02/14,209.78,918303,206.5,210.77,205.51
2018/02/15,217.7,1396115,212.3,219.73,212.08
2018/02/16,220.74,1396659,218,221.9,214.48
2018/02/20,221.49,4769899,215.5,227.1025,208.22
2018/02/21,230.53,3409414,222.15,236,221.76
2018/02/22,227,1791477,230,230.25,224.202
2018/02/23,228.85,1013763,227.98,229.25,225.02
2018/02/26,228.02,980818,230.71,231.04,227.46
2018/02/27,226.47,634164,228.98,230.99,226.1
2018/02/28,222.41,917949,226.21,228.24,222.29
2018/03/01,222.82,898589,222,225.7925,219.291
2018/03/02,223.1,873192,220.69,224.16,219.56
2018/03/05,219.61,929080,222.36,222.36,218
2018/03/06,221.44,964774,223.5,223.8075,218.6
2018/03/07,222.96,754772,222.93,223.73,220.31
2018/03/08,222.78,581007,223.81,226.6307,221.81
2018/03/09,230.26,657001,224.39,230.45,222.77
2018/03/12,227.69,855337,230.5,232.49,227.55
2018/03/13,226.4,675327,228.21,229.93,225.78
2018/03/14,226.66,394258,225.67,228.39,224.285
2018/03/15,226.82,803064,227.37,228.27,226.09
2018/03/16,229.79,904428,227.49,232.02,227.45
2018/03/19,227.67,633598,228.8,230.28,226.9
2018/03/20,231.59,574193,228,232.8846,227.51
2018/03/21,228.26,512820,231.45,232.36,227.735
2018/03/22,226.4,915936,227.43,231.5572,226.34
2018/03/23,226.65,799085,227.21,231.129,225.94
2018/03/26,231.28,632716,228.6,231.84,226.225
2018/03/27,231.58,795067,232,233.78,229.47
2018/03/28,233.87,738546,231.99,234.42,231.28
2018/03/29,233.56,963759,234.56,235.87,232.36
2018/04/02,230.42,731473,233.29,236.93,228.59
2018/04/03,233.47,539037,231.91,234.45,230.13
2018/04/04,231.45,1026175,225.7,232.02,225.25
2018/04/05,235.79,606471,233.27,236.24,232.32
2018/04/06,231.46,654343,233.69,235.73,230.23
2018/04/09,232.43,380571,232.68,235.2,231.895
2018/04/10,231.7,441257,234.02,234.67,230.86
2018/04/11,231,326701,230.79,232.8,229.69
2018/04/12,231.48,398770,232.09,234.62,231.33
2018/04/13,230.32,528565,232.38,233.28,229.67
2018/04/16,232.35,353574,231.06,234.83,230.53
2018/04/17,237.16,414132,234.63,238.92,234.3
2018/04/18,238.19,399598,237.37,239.21,236.54
2018/04/19,240.69,401548,237.75,241.41,236.89
2018/04/20,238.93,487685,239.55,241.09,238.21
2018/04/23,239.48,657083,239.62,243.805,238.44
2018/04/24,231.82,891675,240.37,240.44,229.18
2018/04/25,233.53,843304,232.3,235.21,230.69
2018/04/26,250.61,1708107,249.55,255,246
2018/04/27,248.42,987510,251.98,252.8,247.15
2018/04/30,241.73,838499,250,250,241.71
2018/05/01,247.68,645680,242.15,248.83,241.06
2018/05/02,244.28,521539,246.74,246.9797,243.39
2018/05/03,245.83,552462,243.09,246.37,241.46
2018/05/04,248.24,307497,245.42,249.2,244.47
2018/05/07,250.5,565891,249.53,251,248.67
2018/05/08,250.41,627669,249.81,250.63,248
2018/05/09,249.91,543177,249.5,250.36,245.2564
2018/05/10,249.72,572969,250.5,252.14,249.46
2018/05/11,249.91,325688,249.88,251.1228,247.89
2018/05/14,246.14,414594,249.62,249.71,245.615
2018/05/15,247.1,423897,247.06,247.655,242.81
2018/05/16,247.34,389940,246.49,249.81,246.49
2018/05/17,246.55,336063,246.08,248.69,246
2018/05/18,244.86,697849,247.29,247.99,243.25
2018/05/21,248.37,536678,245.4,249.28,244.82
2018/05/22,248.21,318451,249.24,249.52,246.71
2018/05/23,249.49,520546,248,250.26,247.73
2018/05/24,252.24,521042,249.94,253.89,249.715
2018/05/25,250.34,283897,251.8,254.22,250.07
2018/05/29,245.8,674196,249.46,249.46,243.18
2018/05/30,251.7,586885,247.5,253.665,246.93
2018/05/31,251.48,579580,251.12,252.559,249.13
2018/06/01,252.85,557397,253.42,257.43,252.61
2018/06/04,255.39,488279,252.81,255.995,252.6
2018/06/05,262.63,805162,255.1,263.25,255.01
2018/06/06,269.63,817868,263.97,269.8199,263.6
2018/06/07,272.04,888964,270.22,273.565,267.705
2018/06/08,270.04,671087,264.34,271.66,263.06
2018/06/11,269.77,453320,269.5,270.72,268.03
2018/06/12,273.2,550475,269.57,273.62,268.68
